customer_id,customer_name,segment,first_order_date,last_order_date,cohort_year,recency_days,lifetime_days,lifetime_years,orders_count,units_sold,aov,total_sales,total_profit,profit_margin_pct,avg_discount_pct,annualized_clv,r_score,f_score,m_score,rfm_code,rfm_segment,value_quadrant,clv_decile
AA-10315,Alex Avila,Consumer,2023-03-31,2026-06-29,2023,184,1186,3.25,5,30,1112.71,5563.56,-362.88,-6.52,9.09,1712.23,2,2,5,225,Need Attention,High Vol / Low Profit,2
AA-10375,Allen Armold,Consumer,2023-04-21,2026-12-11,2023,19,1330,3.64,9,41,117.38,1056.39,277.38,26.26,8.0,289.91,5,4,2,542,Need Attention,Low Vol / High Profit,9
AA-10480,Andrew Allen,Consumer,2023-05-04,2026-04-15,2023,259,1077,2.95,4,36,447.63,1790.51,435.83,24.34,1.67,606.81,1,1,3,113,Need Attention,Low Vol / High Profit,7
AA-10645,Anna Andreadi,Consumer,2023-06-22,2026-11-05,2023,55,1232,3.38,6,64,847.82,5086.93,857.8,16.86,6.39,1507.09,3,3,5,335,Need Attention,High Vol / High Profit,3
AB-10015,Aaron Bergman,Consumer,2023-02-18,2025-11-10,2023,415,996,2.73,3,13,295.39,886.16,129.35,14.6,6.67,324.75,1,1,1,111,Lost / Hibernating,Low Vol / Low Profit,9
AB-10060,Adam Bellavance,Home Office,2024-09-18,2026-11-06,2024,54,779,2.13,8,56,969.45,7755.62,2054.59,26.49,4.44,3633.89,3,4,5,345,Loyal Customers,High Vol / High Profit,1
AB-10105,Adrian Barton,Consumer,2023-12-20,2026-11-19,2023,41,1065,2.92,10,73,1447.36,14473.57,5444.81,37.62,24.0,4960.43,4,5,5,455,Champions,High Vol / High Profit,1
AB-10150,Aimee Bixby,Consumer,2023-03-05,2026-11-19,2023,41,1355,3.71,5,37,193.34,966.71,313.66,32.45,13.33,260.41,4,2,2,422,New Customers,Low Vol / High Profit,9
AB-10165,Alan Barnes,Consumer,2023-11-16,2026-12-20,2023,10,1130,3.1,10,54,121.5,1215.02,262.73,21.62,13.12,392.46,5,5,2,552,Need Attention,Low Vol / High Profit,8
AB-10255,Alejandro Ballentine,Home Office,2023-07-22,2026-07-17,2023,166,1091,2.99,9,39,101.61,914.53,264.57,28.93,10.0,305.96,2,4,1,241,Need Attention,Low Vol / High Profit,9
AB-10600,Ann Blume,Corporate,2023-11-18,2026-11-10,2023,50,1088,2.98,4,38,378.97,1515.86,-274.96,-18.14,37.5,508.54,4,1,2,412,New Customers,Low Vol / Low Profit,7
AC-10420,Alyssa Crouse,Corporate,2023-07-12,2026-05-12,2023,232,1035,2.84,3,17,308.6,925.8,-62.13,-6.71,32.0,326.49,1,1,2,112,Lost / Hibernating,Low Vol / Low Profit,9
AC-10450,Amy Cox,Consumer,2023-10-31,2026-12-19,2023,11,1145,3.14,7,43,789.69,5527.85,1366.01,24.71,18.89,1762.15,5,3,5,535,Potential Loyalists,High Vol / High Profit,2
AC-10615,Ann Chong,Corporate,2024-09-15,2026-12-24,2024,6,830,2.27,5,59,507.54,2537.69,298.83,11.78,11.11,1115.97,5,2,3,523,Potential Loyalists,High Vol / High Profit,4
AC-10660,Anna Chung,Consumer,2023-10-15,2026-03-23,2023,282,890,2.44,5,16,131.46,657.32,-28.7,-4.37,18.33,269.57,1,2,1,121,Lost / Hibernating,Low Vol / Low Profit,9
AD-10180,Alan Dominguez,Home Office,2023-11-19,2026-12-01,2023,29,1108,3.04,8,40,763.36,6106.88,1869.93,30.62,5.83,2011.74,4,4,5,445,Champions,High Vol / High Profit,2
AF-10870,Art Ferguson,Consumer,2024-12-06,2026-11-19,2024,41,713,1.95,7,51,293.27,2052.91,317.97,15.49,20.0,1050.93,4,3,3,433,Potential Loyalists,Low Vol / High Profit,4
AF-10885,Art Foster,Consumer,2023-05-10,2025-11-10,2023,415,915,2.51,4,37,215.39,861.56,-163.12,-18.93,25.71,343.68,1,1,1,111,Lost / Hibernating,Low Vol / Low Profit,9
AG-10270,Alejandro Grove,Consumer,2023-05-13,2026-09-20,2023,101,1226,3.36,9,78,302.27,2720.39,792.48,29.13,2.22,809.9,3,4,3,343,Loyal Customers,High Vol / High Profit,6
AG-10300,Aleksandra Gannaway,Corporate,2023-04-26,2026-09-03,2023,118,1226,3.36,4,16,91.89,367.55,59.29,16.13,8.0,109.42,2,1,1,211,Lost / Hibernating,Low Vol / Low Profit,10
AG-10330,Alex Grayson,Consumer,2025-08-03,2026-12-22,2025,8,506,1.39,5,47,132.19,660.97,-5.14,-0.78,23.33,476.79,5,2,1,521,New Customers,Low Vol / Low Profit,8
AG-10390,Allen Goldenen,Consumer,2023-04-19,2026-09-07,2023,114,1237,3.39,5,33,40.19,200.94,69.28,34.48,22.5,59.29,2,2,1,221,Lost / Hibernating,Low Vol / Low Profit,10
AG-10495,Andrew Gjertsen,Corporate,2024-01-04,2026-10-13,2024,78,1013,2.78,8,93,294.61,2356.86,295.67,12.54,20.48,849.21,3,4,3,343,Loyal Customers,High Vol / High Profit,5
AG-10525,Andy Gerbode,Corporate,2023-08-09,2024-09-07,2023,844,395,1.08,4,33,363.76,1455.04,-152.76,-10.5,15.56,1344.53,1,1,2,112,Lost / Hibernating,Low Vol / Low Profit,3
AG-10675,Anna Gayman,Consumer,2024-05-07,2026-09-24,2024,97,870,2.38,7,54,498.43,3489.04,-246.43,-7.06,16.13,1463.79,3,3,4,334,Need Attention,High Vol / Low Profit,3
AG-10765,Anthony Garverick,Home Office,2023-09-17,2026-10-14,2023,77,1123,3.08,4,20,42.65,170.58,-8.43,-4.94,46.0,55.44,3,1,1,311,Need Attention,Low Vol / Low Profit,10
AG-10900,Arthur Gainer,Consumer,2023-07-23,2026-09-25,2023,96,1160,3.18,10,92,451.08,4510.8,343.68,7.62,16.67,1419.35,3,5,5,355,Loyal Customers,High Vol / High Profit,3
AH-10030,Aaron Hawkins,Corporate,2023-04-22,2026-12-18,2023,12,1336,3.66,7,54,249.24,1744.7,365.22,20.93,9.09,476.66,5,3,3,533,Potential Loyalists,Low Vol / High Profit,8
AH-10075,Adam Hart,Corporate,2023-11-16,2026-11-26,2023,34,1106,3.03,10,75,325.03,3250.34,281.19,8.65,13.5,1072.67,4,5,4,454,Champions,High Vol / High Profit,4
AH-10120,Adrian Hane,Home Office,2023-07-18,2026-10-31,2023,60,1201,3.29,7,65,247.93,1735.51,-2.31,-0.13,23.75,527.45,3,3,2,332,Need Attention,Low Vol / Low Profit,7
AH-10195,Alan Haines,Corporate,2024-03-05,2026-11-05,2024,55,975,2.67,4,28,396.86,1587.45,-378.55,-23.85,35.0,594.28,3,1,2,312,Need Attention,Low Vol / Low Profit,7
AH-10210,Alan Hwang,Consumer,2023-11-29,2026-12-24,2023,6,1121,3.07,9,53,533.93,4805.34,1308.55,27.23,9.23,1564.63,5,4,5,545,Champions,High Vol / High Profit,3
AH-10465,Amy Hunt,Consumer,2024-01-03,2026-05-14,2024,230,862,2.36,5,35,499.08,2495.39,-196.12,-7.86,14.0,1056.63,1,2,3,123,Need Attention,High Vol / Low Profit,4
AH-10585,Angele Hood,Consumer,2023-10-26,2026-12-09,2023,21,1140,3.12,4,17,184.63,738.5,83.96,11.37,12.0,236.45,5,1,1,511,New Customers,Low Vol / Low Profit,9
AH-10690,Anna Häberlin,Corporate,2023-04-02,2025-11-15,2023,410,958,2.62,12,102,657.36,7888.29,1298.02,16.45,21.74,3005.46,1,5,5,155,Cant Lose Them,High Vol / High Profit,1
AI-10855,Arianne Irving,Consumer,2023-04-28,2026-12-17,2023,13,1329,3.64,10,72,437.58,4375.79,867.73,19.83,7.22,1201.78,5,5,5,555,Champions,High Vol / High Profit,4
AJ-10780,Anthony Jacobs,Corporate,2023-01-10,2026-10-16,2023,75,1375,3.77,7,62,695.33,4867.34,150.71,3.1,8.67,1292.06,3,3,5,335,Need Attention,High Vol / Low Profit,3
AJ-10795,Anthony Johnson,Corporate,2023-05-14,2026-07-17,2023,166,1160,3.18,7,88,643.06,4501.39,1158.71,25.74,8.33,1416.39,2,3,5,235,At Risk,High Vol / High Profit,3
AJ-10945,Ashley Jarboe,Consumer,2023-03-03,2026-10-06,2023,85,1313,3.6,7,40,262.75,1839.24,521.14,28.33,4.0,511.29,3,3,3,333,Need Attention,Low Vol / High Profit,7
AJ-10960,Astrea Jones,Consumer,2023-09-14,2026-10-17,2023,74,1129,3.09,3,22,209.75,629.25,60.43,9.6,4.0,203.43,3,1,1,311,Need Attention,Low Vol / Low Profit,10
AM-10360,Alice McCarthy,Corporate,2023-10-06,2026-12-02,2023,28,1153,3.16,5,48,162.8,814.01,194.99,23.95,12.5,257.69,4,2,1,421,New Customers,Low Vol / Low Profit,9
AM-10705,Anne McFarland,Consumer,2023-10-31,2026-07-21,2023,162,994,2.72,8,81,708.0,5664.02,1085.73,19.17,6.36,2079.85,2,4,5,245,Cant Lose Them,High Vol / High Profit,2
AO-10810,Anthony O'Donnell,Corporate,2025-08-16,2025-08-16,2025,501,0,0.0,1,2,161.28,161.28,12.1,7.5,20.0,161.28,1,1,1,111,Lost / Hibernating,Low Vol / Low Profit,10
AP-10720,Anne Pryor,Home Office,2023-03-03,2026-11-19,2023,41,1357,3.72,8,85,204.82,1638.55,285.79,17.44,16.32,440.73,4,4,2,442,Need Attention,Low Vol / High Profit,8
AP-10915,Arthur Prichep,Consumer,2023-08-23,2026-09-23,2023,98,1127,3.09,10,102,332.36,3323.56,579.31,17.43,9.35,1076.4,3,5,4,354,Loyal Customers,High Vol / High Profit,4
AR-10345,Alex Russell,Corporate,2023-09-10,2026-09-10,2023,111,1096,3.0,6,21,178.89,1073.35,-215.97,-20.12,18.57,357.46,2,3,2,232,Need Attention,Low Vol / Low Profit,8
AR-10405,Allen Rosenblatt,Corporate,2023-10-03,2026-08-27,2023,125,1059,2.9,5,29,447.23,2236.13,-98.76,-4.42,10.0,770.71,2,2,3,223,Need Attention,Low Vol / Low Profit,6
AR-10510,Andrew Roberts,Consumer,2023-05-02,2026-12-16,2023,14,1324,3.63,5,33,52.97,264.86,43.67,16.49,21.43,73.02,5,2,1,521,New Customers,Low Vol / Low Profit,10
AR-10540,Andy Reiter,Consumer,2023-11-25,2026-12-24,2023,6,1125,3.08,6,33,1101.41,6608.45,2884.62,43.65,6.67,2144.07,5,3,5,535,Potential Loyalists,High Vol / High Profit,2
AR-10570,Anemone Ratner,Consumer,2025-07-14,2025-07-14,2025,534,0,0.0,1,6,88.15,88.15,32.63,37.02,0.0,88.15,1,1,1,111,Lost / Hibernating,Low Vol / Low Profit,10
AR-10825,Anthony Rawles,Corporate,2023-06-30,2026-11-02,2023,58,1221,3.35,8,54,565.42,4523.34,494.84,10.94,7.69,1352.18,3,4,5,345,Loyal Customers,High Vol / High Profit,3
AS-10045,Aaron Smayling,Corporate,2023-07-27,2026-10-03,2023,88,1164,3.19,7,48,435.81,3050.69,-253.57,-8.31,35.5,956.62,3,3,4,334,Need Attention,High Vol / Low Profit,5
AS-10090,Adam Shillingsburg,Consumer,2023-09-22,2026-12-02,2023,28,1167,3.2,9,81,361.7,3255.31,64.54,1.98,18.0,1018.16,4,4,4,444,Champions,High Vol / Low Profit,4
AS-10135,Adrian Shami,Home Office,2025-11-13,2026-11-19,2025,41,371,1.02,2,9,29.41,58.82,21.85,37.15,6.67,57.87,4,1,1,411,New Customers,Low Vol / Low Profit,10
AS-10225,Alan Schoenberger,Corporate,2023-10-18,2026-12-08,2023,22,1147,3.14,5,41,852.16,4260.78,719.78,16.89,6.15,1355.87,5,2,4,524,Potential Loyalists,High Vol / High Profit,3
AS-10240,Alan Shonely,Consumer,2023-03-15,2026-06-21,2023,192,1194,3.27,7,39,83.52,584.61,33.72,5.77,26.92,178.71,2,3,1,231,Need Attention,Low Vol / Low Profit,10
AS-10285,Alejandro Savely,Corporate,2025-05-21,2026-12-11,2025,19,569,1.56,6,39,535.71,3214.24,354.63,11.03,22.5,2061.86,5,3,4,534,Potential Loyalists,High Vol / High Profit,2
AS-10630,Ann Steele,Home Office,2023-08-01,2026-09-29,2023,92,1155,3.16,7,34,119.06,833.4,136.49,16.38,18.33,263.37,3,3,1,331,Need Attention,Low Vol / Low Profit,9
AT-10435,Alyssa Tate,Home Office,2023-11-24,2026-12-09,2023,21,1111,3.04,6,28,195.3,1171.81,100.88,8.61,20.0,384.98,5,3,2,532,Need Attention,Low Vol / Low Profit,8
AT-10735,Annie Thurman,Consumer,2023-08-30,2026-12-17,2023,13,1205,3.3,10,60,383.19,3831.86,974.11,25.42,8.75,1160.69,5,5,4,554,Champions,High Vol / High Profit,4
AW-10840,Anthony Witt,Consumer,2024-04-13,2026-12-10,2024,20,971,2.66,4,24,162.34,649.38,65.77,10.13,20.0,244.1,5,1,1,511,New Customers,Low Vol / Low Profit,9
AW-10930,Arthur Wiediger,Home Office,2023-07-14,2026-11-14,2023,46,1219,3.34,7,68,407.57,2852.97,-104.55,-3.66,30.63,854.25,4,3,4,434,Potential Loyalists,High Vol / Low Profit,5
AY-10555,Andy Yotov,Corporate,2023-04-06,2026-12-16,2023,14,1350,3.7,4,34,124.25,497.01,103.35,20.79,10.0,134.38,5,1,1,511,New Customers,Low Vol / Low Profit,10
AZ-10750,Annie Zypern,Consumer,2023-03-17,2026-07-23,2023,160,1224,3.35,6,40,270.34,1622.02,154.95,9.55,12.5,483.69,2,3,2,232,Need Attention,Low Vol / Low Profit,8
BB-10990,Barry Blumstein,Corporate,2023-07-27,2026-09-16,2023,105,1147,3.14,5,26,148.87,744.34,11.58,1.56,20.0,236.86,2,2,1,221,Lost / Hibernating,Low Vol / Low Profit,9
BB-11545,Brenda Bowman,Corporate,2024-06-05,2026-12-02,2024,28,910,2.49,9,83,751.75,6765.73,1015.08,15.0,19.5,2713.73,4,4,5,445,Champions,High Vol / High Profit,1
BC-11125,Becky Castell,Home Office,2023-07-06,2026-06-11,2023,202,1071,2.93,9,60,325.96,2933.68,251.6,8.58,11.11,999.81,2,4,4,244,Cant Lose Them,High Vol / High Profit,5
BD-11320,Bill Donatelli,Consumer,2024-05-31,2026-11-27,2024,33,910,2.49,12,75,476.54,5718.52,1094.5,19.14,7.89,2293.69,4,5,5,455,Champions,High Vol / High Profit,1
BD-11500,Bradley Drucker,Consumer,2023-02-01,2026-11-25,2023,35,1393,3.82,6,49,735.21,4411.24,1142.12,25.89,13.5,1155.85,4,3,5,435,Potential Loyalists,High Vol / High Profit,4
BD-11560,Brendan Dodson,Home Office,2024-05-30,2026-03-27,2024,278,666,1.82,2,11,160.27,320.54,116.71,36.41,0.0,175.67,1,1,1,111,Lost / Hibernating,Low Vol / Low Profit,10
BD-11605,Brian Dahlen,Consumer,2023-01-13,2026-09-24,2023,97,1350,3.7,9,84,370.32,3332.87,655.71,19.67,6.59,901.11,3,4,4,344,Loyal Customers,High Vol / High Profit,5
BD-11620,Brian DeCherney,Consumer,2023-06-30,2026-10-22,2023,69,1210,3.32,6,27,256.35,1538.11,206.76,13.44,17.5,463.98,3,3,2,332,Need Attention,Low Vol / Low Profit,8
BD-11635,Brian Derr,Consumer,2023-10-05,2026-12-21,2023,9,1173,3.21,3,19,194.22,582.65,141.53,24.29,10.0,181.3,5,1,1,511,New Customers,Low Vol / Low Profit,10
BD-11725,Bruce Degenhardt,Consumer,2024-07-03,2026-09-28,2024,93,817,2.24,6,29,254.42,1526.5,333.98,21.88,2.0,681.97,3,3,2,332,Need Attention,Low Vol / High Profit,6
BD-11770,Bryan Davis,Consumer,2025-03-10,2026-02-06,2025,327,333,0.91,6,21,109.74,658.47,141.26,21.45,12.0,721.74,1,3,1,131,Need Attention,Low Vol / Low Profit,6
BE-11335,Bill Eplett,Home Office,2025-01-15,2026-09-02,2025,119,595,1.63,5,35,840.94,4204.68,1487.77,35.38,2.22,2579.34,2,2,4,224,Need Attention,High Vol / High Profit,1
BE-11410,Bobby Elias,Consumer,2025-02-07,2026-09-23,2025,98,593,1.62,5,19,452.29,2261.44,755.92,33.43,16.0,1391.95,3,2,3,323,Need Attention,High Vol / High Profit,3
BE-11455,Brad Eason,Home Office,2024-08-02,2026-04-20,2024,254,626,1.72,6,40,287.94,1727.65,139.2,8.06,14.62,1007.34,1,3,2,132,Need Attention,Low Vol / Low Profit,5
BF-10975,Barbara Fisher,Corporate,2023-07-14,2026-09-30,2023,91,1174,3.22,7,38,85.69,599.8,227.44,37.92,14.62,186.48,3,3,1,331,Need Attention,Low Vol / High Profit,10
BF-11005,Barry Franz,Home Office,2023-09-25,2026-11-21,2023,39,1153,3.16,4,26,333.47,1333.88,-291.38,-21.84,18.0,422.26,4,1,2,412,New Customers,Low Vol / Low Profit,8
BF-11020,Barry Französisch,Corporate,2023-02-15,2026-10-17,2023,74,1340,3.67,8,78,361.06,2888.51,302.02,10.46,25.71,786.79,3,4,4,344,Loyal Customers,High Vol / High Profit,6
BF-11080,Bart Folk,Consumer,2023-11-28,2026-12-05,2023,25,1103,3.02,3,29,90.98,272.95,110.93,40.64,0.0,90.32,5,1,1,511,New Customers,Low Vol / Low Profit,10
BF-11170,Ben Ferrer,Home Office,2023-04-13,2026-12-14,2023,16,1341,3.67,13,146,648.47,8430.14,1980.33,23.49,11.08,2294.56,5,5,5,555,Champions,High Vol / High Profit,1
BF-11215,Benjamin Farhat,Home Office,2023-11-09,2026-10-26,2023,65,1082,2.96,4,48,396.29,1585.16,523.21,33.01,5.0,534.74,3,1,2,312,Need Attention,Low Vol / High Profit,7
BF-11275,Beth Fritzler,Corporate,2023-03-22,2026-11-03,2023,57,1322,3.62,3,11,264.0,791.99,25.87,3.27,15.0,218.67,3,1,1,311,Need Attention,Low Vol / Low Profit,9
BG-11035,Barry Gonzalez,Consumer,2023-11-05,2026-12-02,2023,28,1123,3.08,8,35,349.87,2798.95,-711.43,-25.42,19.17,909.72,4,4,4,444,Champions,High Vol / Low Profit,5
BG-11695,Brooke Gillingham,Corporate,2023-05-11,2026-11-24,2023,36,1293,3.54,6,24,312.36,1874.17,107.57,5.74,13.75,529.06,4,3,3,433,Potential Loyalists,Low Vol / Low Profit,7
BG-11740,Bruce Geld,Consumer,2023-03-23,2026-11-03,2023,57,1321,3.62,6,22,167.73,1006.36,119.35,11.86,14.29,278.06,3,3,2,332,Need Attention,Low Vol / Low Profit,9
BG-18435,Bruce Galang,Consumer,2023-12-29,2026-12-29,2023,1,1096,3.0,5,45,121.98,609.88,208.66,34.21,0.0,203.11,5,2,1,521,New Customers,Low Vol / Low Profit,10
BH-11710,Brosina Hoffman,Consumer,2023-06-09,2026-12-07,2023,23,1277,3.5,8,97,781.92,6255.35,802.79,12.83,18.33,1787.94,5,4,5,545,Champions,High Vol / High Profit,2
BK-11260,Berenike Kampe,Consumer,2023-08-03,2026-10-14,2023,77,1168,3.2,6,58,109.86,659.14,-63.76,-9.67,20.62,205.98,3,3,1,331,Need Attention,Low Vol / Low Profit,10
BM-11140,Becky Martin,Consumer,2023-09-08,2026-02-26,2023,307,902,2.47,4,64,2947.41,11789.63,-1659.96,-14.08,16.88,4770.75,1,1,5,115,Need Attention,High Vol / Low Profit,1
BM-11575,Brendan Murry,Corporate,2024-09-15,2026-09-21,2024,100,736,2.02,6,22,134.69,808.16,95.58,11.83,18.0,400.79,3,3,1,331,Need Attention,Low Vol / Low Profit,8
BM-11650,Brian Moss,Corporate,2023-07-09,2026-11-27,2023,33,1237,3.39,11,95,663.11,7294.18,2199.28,30.15,8.45,2152.29,4,5,5,455,Champions,High Vol / High Profit,2
BM-11785,Bryan Mills,Consumer,2023-06-06,2026-05-26,2023,218,1085,2.97,10,44,133.88,1338.84,137.74,10.29,25.0,450.39,2,5,2,252,Need Attention,Low Vol / Low Profit,8
BN-11470,Brad Norvell,Corporate,2023-09-12,2026-12-06,2023,24,1181,3.24,4,15,66.32,265.3,36.61,13.8,16.67,81.99,5,1,1,511,New Customers,Low Vol / Low Profit,10
BN-11515,Bradley Nguyen,Consumer,2023-03-17,2026-12-21,2023,9,1375,3.77,5,79,291.87,1459.34,340.71,23.35,2.35,387.39,5,2,2,522,New Customers,Low Vol / High Profit,8
BO-11350,Bill Overfelt,Corporate,2025-01-03,2026-08-15,2025,137,589,1.61,5,43,536.55,2682.73,278.78,10.39,23.33,1662.47,2,2,3,223,Need Attention,High Vol / High Profit,2
BO-11425,Bobby Odegard,Consumer,2024-09-10,2026-10-16,2024,75,766,2.1,2,7,65.42,130.83,59.45,45.44,0.0,62.34,3,1,1,311,Need Attention,Low Vol / Low Profit,10
BP-11050,Barry Pond,Corporate,2023-10-12,2026-10-08,2023,83,1092,2.99,5,30,196.68,983.42,209.78,21.33,14.29,328.71,3,2,2,322,Need Attention,Low Vol / Low Profit,9
BP-11095,Bart Pistole,Corporate,2023-06-07,2026-12-13,2023,17,1285,3.52,14,85,239.35,3350.87,702.96,20.98,13.75,951.8,5,5,4,554,Champions,High Vol / High Profit,5
BP-11155,Becky Pak,Consumer,2024-06-04,2026-10-02,2024,89,850,2.33,6,32,282.98,1697.86,647.38,38.13,8.18,729.08,3,3,2,332,Need Attention,Low Vol / High Profit,6
BP-11185,Ben Peterman,Corporate,2024-03-24,2026-12-29,2024,1,1010,2.77,9,69,408.43,3675.86,363.6,9.89,19.44,1328.41,5,5,4,554,Champions,High Vol / High Profit,3
BP-11230,Benjamin Patterson,Consumer,2023-04-20,2026-11-21,2023,39,1311,3.59,5,14,236.3,1181.49,-197.27,-16.7,6.67,328.94,4,2,2,422,New Customers,Low Vol / Low Profit,9
BP-11290,Beth Paige,Consumer,2023-10-03,2026-12-18,2023,12,1172,3.21,7,51,353.59,2475.16,-319.06,-12.89,30.0,770.85,5,3,3,533,Potential Loyalists,High Vol / Low Profit,6
BS-11365,Bill Shonely,Corporate,2023-05-04,2025-06-20,2023,558,778,2.13,5,39,2100.33,10501.65,2616.06,24.91,1.11,4926.87,1,2,5,125,Need Attention,High Vol / High Profit,1
BS-11380,Bill Stewart,Corporate,2023-11-29,2026-12-02,2023,28,1099,3.01,5,58,777.57,3887.83,-17.53,-0.45,27.69,1291.23,4,2,4,424,Potential Loyalists,High Vol / Low Profit,3
BS-11590,Brendan Sweed,Corporate,2023-01-14,2026-11-25,2023,35,1411,3.87,6,41,409.15,2454.93,381.78,15.55,30.0,635.05,4,3,3,433,Potential Loyalists,High Vol / High Profit,7
BS-11665,Brian Stugart,Consumer,2023-06-23,2025-05-27,2023,582,704,1.93,3,47,1096.04,3288.11,238.74,7.26,18.18,1704.77,1,1,4,114,Need Attention,High Vol / High Profit,2
BS-11755,Bruce Stewart,Consumer,2023-05-18,2026-12-29,2023,1,1321,3.62,7,45,366.05,2562.38,-113.3,-4.42,13.21,708.0,5,3,3,533,Potential Loyalists,High Vol / Low Profit,6
BS-11800,Bryan Spruell,Home Office,2024-09-26,2026-04-09,2024,265,560,1.53,2,22,474.72,949.43,194.05,20.44,0.0,618.82,1,1,2,112,Lost / Hibernating,Low Vol / Low Profit,7
BT-11305,Beth Thompson,Home Office,2023-04-25,2026-01-28,2023,336,1009,2.76,5,33,513.53,2567.66,417.59,16.26,4.44,928.83,1,2,3,123,Need Attention,High Vol / High Profit,5
BT-11395,Bill Tyler,Corporate,2023-10-28,2026-03-03,2023,302,857,2.35,6,38,364.44,2186.61,257.92,11.8,15.0,931.29,1,3,3,133,At Risk,Low Vol / High Profit,5
BT-11440,Bobby Trafton,Consumer,2023-06-04,2025-06-18,2023,560,745,2.04,4,16,150.97,603.88,-77.53,-12.84,15.71,295.86,1,1,1,111,Lost / Hibernating,Low Vol / Low Profit,9
BT-11485,Brad Thomas,Home Office,2024-12-27,2025-03-11,2024,659,74,0.2,2,11,207.6,415.2,126.87,30.56,6.67,2047.93,1,1,1,111,Lost / Hibernating,Low Vol / Low Profit,2
BT-11530,Bradley Talbott,Home Office,2023-05-21,2026-09-30,2023,91,1228,3.36,5,44,536.9,2684.49,409.5,15.25,10.0,797.91,3,2,3,323,Need Attention,High Vol / High Profit,6
BT-11680,Brian Thompson,Consumer,2023-11-28,2026-12-10,2023,20,1108,3.04,7,88,456.68,3196.75,447.75,14.01,7.0,1053.08,5,3,4,534,Potential Loyalists,High Vol / High Profit,4
BV-11245,Benjamin Venier,Corporate,2024-03-26,2026-01-30,2024,334,675,1.85,5,49,304.65,1523.27,315.22,20.69,9.29,823.7,1,2,2,122,Lost / Hibernating,Low Vol / High Profit,6
BW-11065,Barry Weirich,Consumer,2023-05-25,2026-06-01,2023,212,1103,3.02,3,8,128.51,385.52,-58.29,-15.12,13.33,127.57,2,1,1,211,Lost / Hibernating,Low Vol / Low Profit,10
BW-11110,Bart Watters,Corporate,2024-03-20,2026-08-31,2024,121,894,2.45,8,74,593.79,4750.36,921.26,19.39,14.12,1939.46,2,4,5,245,Cant Lose Them,High Vol / High Profit,2
BW-11200,Ben Wallace,Consumer,2023-08-12,2026-06-10,2023,203,1033,2.83,6,49,289.73,1738.41,247.0,14.21,15.0,614.25,2,3,3,233,At Risk,Low Vol / High Profit,7
CA-11965,Carol Adams,Corporate,2023-01-26,2026-09-25,2023,96,1338,3.67,6,29,631.62,3789.72,1143.38,30.17,11.2,1033.82,3,3,4,334,Need Attention,High Vol / High Profit,4
CA-12055,Cathy Armstrong,Home Office,2024-09-05,2025-11-24,2024,401,445,1.22,5,49,335.94,1679.72,211.26,12.58,30.0,1377.75,1,2,2,122,Lost / Hibernating,Low Vol / Low Profit,3
CA-12265,Christina Anderson,Consumer,2023-03-25,2026-11-04,2023,56,1320,3.62,9,65,294.25,2648.29,279.62,10.56,18.94,732.29,3,5,3,353,Loyal Customers,High Vol / High Profit,6
CA-12310,Christine Abelman,Corporate,2023-07-19,2026-12-17,2023,13,1247,3.42,4,25,355.49,1421.95,246.02,17.3,11.82,416.21,5,1,2,512,New Customers,Low Vol / High Profit,8
CA-12775,Cynthia Arntzen,Consumer,2023-06-28,2026-09-01,2023,120,1161,3.18,7,72,434.51,3041.57,204.49,6.72,18.82,956.22,2,3,4,234,At Risk,High Vol / Low Profit,5
CB-12025,Cassandra Brandow,Consumer,2023-03-21,2026-11-13,2023,47,1333,3.65,10,122,607.61,6076.14,150.21,2.47,16.35,1663.76,4,5,5,455,Champions,High Vol / Low Profit,2
CB-12415,Christy Brittain,Consumer,2024-11-05,2026-12-04,2024,26,759,2.08,8,44,243.65,1949.2,272.39,13.97,33.33,937.36,5,4,3,543,Loyal Customers,Low Vol / High Profit,5
CB-12535,Claudia Bergmann,Corporate,2024-01-02,2026-06-16,2024,197,896,2.45,8,74,530.81,4246.46,1049.56,24.72,5.0,1729.86,2,4,4,244,Cant Lose Them,High Vol / High Profit,2
CC-12100,Chad Cunningham,Home Office,2023-12-16,2025-09-29,2023,457,653,1.79,6,46,295.16,1770.94,208.59,11.78,21.54,989.89,1,3,3,133,At Risk,Low Vol / Low Profit,5
CC-12145,Charles Crestani,Consumer,2023-07-20,2026-09-15,2023,106,1153,3.16,7,31,353.09,2471.65,392.28,15.87,8.18,782.44,2,3,3,233,At Risk,High Vol / High Profit,6
CC-12220,Chris Cortes,Consumer,2023-09-09,2026-12-10,2023,20,1188,3.25,12,81,326.12,3913.42,393.96,10.07,11.82,1202.35,5,5,4,554,Champions,High Vol / High Profit,4
CC-12370,Christopher Conant,Consumer,2025-05-23,2026-11-17,2025,43,543,1.49,5,34,2425.81,12129.07,2177.05,17.95,28.18,8153.06,4,2,5,425,Potential Loyalists,High Vol / High Profit,1
CC-12430,Chuck Clark,Home Office,2023-05-20,2026-12-30,2023,0,1320,3.62,12,83,383.91,4606.95,314.22,6.82,7.6,1273.89,5,5,5,555,Champions,High Vol / High Profit,3
CC-12475,Cindy Chapman,Consumer,2023-05-16,2026-11-21,2023,39,1285,3.52,9,40,184.38,1659.44,154.85,9.33,16.15,471.36,4,5,2,452,Need Attention,Low Vol / Low Profit,8
CC-12550,Clay Cheatham,Consumer,2026-06-15,2026-12-03,2026,27,171,0.47,3,14,37.94,113.83,33.87,29.75,15.0,242.97,4,1,1,411,New Customers,Low Vol / Low Profit,9
CC-12610,Corey Catlett,Corporate,2023-08-27,2026-11-26,2023,34,1187,3.25,7,39,362.95,2540.63,331.43,13.05,27.5,781.24,4,3,3,433,Potential Loyalists,High Vol / High Profit,6
CC-12670,Craig Carreira,Consumer,2023-12-23,2026-12-01,2023,29,1074,2.94,7,47,324.24,2269.7,187.84,8.28,16.79,771.36,4,3,3,433,Potential Loyalists,High Vol / Low Profit,6
CC-12685,Craig Carroll,Consumer,2023-03-22,2024-10-23,2023,798,581,1.59,4,51,713.53,2854.12,850.16,29.79,25.0,1793.03,1,1,4,114,Need Attention,High Vol / High Profit,2
CD-11920,Carlos Daly,Consumer,2023-03-24,2026-11-20,2023,40,1337,3.66,5,35,406.79,2033.97,426.66,20.98,4.44,555.27,4,2,3,423,Potential Loyalists,Low Vol / High Profit,7
CD-11980,Carol Darley,Consumer,2025-11-24,2026-11-06,2025,54,347,0.95,3,22,213.26,639.77,-206.72,-32.31,43.33,672.95,3,1,1,311,Need Attention,Low Vol / Low Profit,6
CD-12280,Christina DeMoss,Consumer,2026-11-05,2026-11-18,2026,42,13,0.04,2,39,602.79,1205.58,233.03,19.33,8.46,1205.58,4,1,2,412,New Customers,Low Vol / High Profit,4
CD-12790,Cynthia Delaney,Home Office,2023-02-02,2025-11-26,2023,399,1028,2.82,5,49,372.15,1860.73,403.84,21.7,2.67,660.67,1,2,3,123,Need Attention,Low Vol / High Profit,7
CG-12040,Catherine Glotzbach,Home Office,2024-06-01,2026-11-11,2024,49,893,2.45,6,37,150.74,904.47,86.51,9.56,18.89,369.69,4,3,1,431,Need Attention,Low Vol / Low Profit,8
CG-12520,Claire Gute,Consumer,2024-10-15,2026-01-26,2024,338,468,1.28,3,14,382.93,1148.78,169.93,14.79,20.0,895.95,1,1,2,112,Lost / Hibernating,Low Vol / Low Profit,5
CH-12070,Cathy Hwang,Home Office,2024-06-25,2025-02-08,2024,690,228,0.62,3,13,512.41,1537.24,195.15,12.69,15.0,2460.93,1,1,2,112,Lost / Hibernating,Low Vol / Low Profit,1
CJ-11875,Carl Jackson,Corporate,2025-12-30,2025-12-30,2025,365,0,0.0,1,5,16.52,16.52,1.65,10.0,20.0,16.52,1,1,1,111,Lost / Hibernating,Low Vol / Low Profit,10
CJ-12010,Caroline Jumper,Consumer,2025-03-10,2026-06-24,2025,189,471,1.29,8,83,1395.62,11164.97,858.74,7.69,18.85,8652.26,2,4,5,245,Cant Lose Them,High Vol / High Profit,1
CK-12205,Chloris Kastensmidt,Consumer,2023-03-11,2026-11-21,2023,39,1351,3.7,13,122,242.68,3154.86,141.28,4.48,23.44,852.35,4,5,4,454,Champions,High Vol / Low Profit,5
CK-12325,Christine Kargatis,Home Office,2023-03-14,2026-09-01,2023,120,1267,3.47,5,46,589.06,2945.32,261.22,8.87,18.33,848.49,2,2,4,224,Need Attention,High Vol / High Profit,5
CK-12595,Clytie Kelty,Consumer,2023-12-26,2026-11-17,2023,43,1057,2.9,11,108,215.7,2372.75,497.71,20.98,18.4,819.35,4,5,3,453,Loyal Customers,High Vol / High Profit,6
CK-12760,Cyma Kinney,Corporate,2023-02-07,2026-10-09,2023,82,1340,3.67,9,64,175.79,1582.11,-338.43,-21.39,15.0,430.95,3,5,2,352,Need Attention,Low Vol / Low Profit,8
CL-11890,Carl Ludwig,Consumer,2023-07-26,2026-09-15,2023,106,1147,3.14,4,24,315.5,1262.01,328.08,26.0,5.71,401.6,2,1,2,212,Lost / Hibernating,Low Vol / High Profit,8
CL-12565,Clay Ludtke,Consumer,2023-03-04,2026-03-21,2023,284,1113,3.05,12,106,906.71,10880.55,1933.78,17.77,11.43,3568.19,1,5,5,155,Cant Lose Them,High Vol / High Profit,1
CL-12700,Craig Leslie,Home Office,2025-04-24,2026-09-16,2025,105,510,1.4,5,34,470.72,2353.59,229.01,9.73,18.75,1684.43,2,2,3,223,Need Attention,High Vol / High Profit,2
CM-11815,Candace McMahon,Corporate,2023-11-14,2026-08-21,2023,131,1011,2.77,6,38,278.98,1673.89,214.46,12.81,12.0,604.32,2,3,2,232,Need Attention,Low Vol / Low Profit,7
CM-11935,Carlos Meador,Consumer,2024-09-24,2025-01-22,2024,707,120,0.33,2,18,282.7,565.39,-43.73,-7.73,20.0,1719.73,1,1,1,111,Lost / Hibernating,Low Vol / Low Profit,2
CM-12115,Chad McGuire,Consumer,2024-03-29,2026-12-22,2024,8,998,2.73,4,35,415.4,1661.61,409.07,24.62,2.86,607.7,5,1,2,512,New Customers,Low Vol / High Profit,7
CM-12160,Charles McCrossin,Consumer,2025-10-21,2026-12-04,2025,26,409,1.12,6,23,422.22,2533.31,-394.37,-15.57,24.29,2260.78,5,3,3,533,Potential Loyalists,High Vol / Low Profit,1
CM-12190,Charlotte Melton,Consumer,2024-09-18,2026-12-22,2024,8,825,2.26,6,21,245.86,1475.14,91.2,6.18,7.14,652.64,5,3,2,532,Need Attention,Low Vol / Low Profit,7
CM-12235,Chris McAfee,Consumer,2025-05-01,2025-12-10,2025,385,223,0.61,5,28,461.14,2305.71,365.04,15.83,7.5,3773.92,1,2,3,123,Need Attention,High Vol / High Profit,1
CM-12385,Christopher Martinez,Consumer,2024-03-16,2026-11-23,2024,37,982,2.69,4,34,2238.5,8954.02,3899.89,43.55,12.0,3328.12,4,1,5,415,Need Attention,High Vol / High Profit,1
CM-12445,Chuck Magee,Consumer,2023-06-09,2025-10-20,2023,436,864,2.37,3,32,96.0,287.99,64.43,22.37,7.78,121.66,1,1,1,111,Lost / Hibernating,Low Vol / Low Profit,10
CM-12655,Corinna Mitchell,Home Office,2024-03-19,2026-12-03,2024,27,989,2.71,6,42,1056.59,6339.56,1572.46,24.8,7.2,2339.67,4,3,5,435,Potential Loyalists,High Vol / High Profit,1
CM-12715,Craig Molinari,Corporate,2023-03-07,2024-03-01,2023,1034,360,0.99,4,57,996.11,3984.45,176.31,4.42,30.92,4039.79,1,1,4,114,Need Attention,High Vol / Low Profit,1
CP-12085,Cathy Prescott,Corporate,2023-12-04,2026-10-09,2023,82,1040,2.85,8,57,675.28,5402.25,427.03,7.9,14.29,1895.98,3,4,5,345,Loyal Customers,High Vol / High Profit,2
CP-12340,Christine Phan,Corporate,2023-03-17,2026-07-23,2023,160,1224,3.35,8,59,736.03,5888.28,-1850.3,-31.42,21.33,1755.9,2,4,5,245,Cant Lose Them,High Vol / Low Profit,2
CR-12580,Clay Rozendal,Home Office,2025-04-18,2026-11-03,2025,57,564,1.55,4,32,537.21,2148.85,74.4,3.46,13.33,1390.66,3,1,3,313,Need Attention,Low Vol / Low Profit,3
CR-12625,Corey Roper,Home Office,2023-06-01,2025-09-16,2023,470,838,2.3,3,14,158.63,475.9,144.76,30.42,0.0,207.28,1,1,1,111,Lost / Hibernating,Low Vol / Low Profit,10
CR-12730,Craig Reiter,Consumer,2023-08-20,2026-10-13,2023,78,1150,3.15,4,18,400.14,1600.55,306.92,19.18,26.67,508.0,3,1,2,312,Need Attention,Low Vol / High Profit,8
CR-12820,Cyra Reiten,Home Office,2024-01-24,2026-10-06,2024,85,986,2.7,3,26,465.96,1397.87,83.27,5.96,13.14,517.47,3,1,2,312,Need Attention,Low Vol / Low Profit,7
CS-11845,Cari Sayre,Corporate,2023-12-14,2026-09-30,2023,91,1021,2.8,5,22,255.79,1278.95,185.38,14.49,27.5,457.22,3,2,2,322,Need Attention,Low Vol / Low Profit,8
CS-11860,Cari Schnelling,Consumer,2023-05-02,2026-07-21,2023,162,1176,3.22,6,16,89.61,537.63,105.83,19.68,22.86,166.87,2,3,1,231,Need Attention,Low Vol / Low Profit,10
CS-11950,Carlos Soltero,Consumer,2023-06-08,2026-12-05,2023,25,1276,3.5,11,68,276.05,3036.55,-126.42,-4.16,26.36,868.6,5,5,4,554,Champions,High Vol / Low Profit,5
CS-12130,Chad Sievert,Consumer,2023-08-05,2025-08-28,2023,489,754,2.07,4,28,221.16,884.64,143.83,16.26,11.43,428.24,1,1,1,111,Lost / Hibernating,Low Vol / Low Profit,8
CS-12175,Charles Sheldon,Corporate,2023-08-12,2026-05-12,2023,232,1004,2.75,5,30,168.89,844.46,113.14,13.4,16.25,307.0,1,2,1,121,Lost / Hibernating,Low Vol / Low Profit,9
CS-12250,Chris Selesnick,Corporate,2023-01-13,2026-12-04,2023,26,1421,3.89,12,97,229.52,2754.22,738.36,26.81,5.71,707.45,5,5,4,554,Champions,High Vol / High Profit,6
CS-12355,Christine Sundaresam,Consumer,2023-08-15,2026-12-24,2023,6,1227,3.36,11,74,291.11,3202.16,831.94,25.98,8.18,952.56,5,5,4,554,Champions,High Vol / High Profit,5
CS-12400,Christopher Schild,Home Office,2023-09-26,2026-12-28,2023,2,1189,3.26,9,47,405.76,3651.86,-342.8,-9.39,21.43,1121.05,5,5,4,554,Champions,High Vol / Low Profit,4
CS-12460,Chuck Sachs,Consumer,2026-07-03,2026-12-03,2026,27,153,0.42,2,13,275.32,550.64,156.26,28.38,6.67,1313.63,4,1,1,411,New Customers,Low Vol / Low Profit,3
CS-12490,Cindy Schnelling,Corporate,2024-01-12,2025-11-01,2024,424,659,1.81,4,33,269.31,1077.23,-302.88,-28.12,25.0,596.64,1,1,2,112,Lost / Hibernating,Low Vol / Low Profit,7
CS-12505,Cindy Stewart,Consumer,2023-03-26,2026-11-02,2023,58,1317,3.61,6,40,948.34,5690.06,-6626.39,-116.46,20.0,1576.97,3,3,5,335,Need Attention,High Vol / Low Profit,3
CT-11995,Carol Triggs,Consumer,2023-05-07,2026-09-25,2023,96,1237,3.39,11,104,409.42,4503.62,400.86,8.9,15.0,1328.88,3,5,5,355,Loyal Customers,High Vol / High Profit,3
CV-12295,Christina VanderZanden,Consumer,2023-03-28,2026-04-20,2023,254,1119,3.07,5,54,566.13,2830.63,493.09,17.42,7.69,923.31,1,2,4,124,Need Attention,High Vol / High Profit,5
CV-12805,Cynthia Voltz,Corporate,2025-05-09,2026-12-25,2025,5,595,1.63,9,62,263.37,2370.31,99.0,4.18,24.32,1454.06,5,5,3,553,Loyal Customers,High Vol / Low Profit,3
CW-11905,Carl Weiss,Home Office,2023-06-09,2026-12-08,2023,22,1278,3.5,6,40,189.43,1136.59,370.83,32.63,9.09,324.61,5,3,2,532,Need Attention,Low Vol / High Profit,9
CY-12745,Craig Yedwab,Corporate,2023-12-12,2026-10-31,2023,60,1054,2.89,8,43,362.5,2900.03,60.65,2.09,20.0,1004.28,3,4,4,344,Loyal Customers,High Vol / Low Profit,5
Co-12640,Corey-Lock,Consumer,2023-06-20,2025-06-29,2023,549,740,2.03,5,30,260.02,1300.08,205.63,15.82,17.5,641.25,1,2,2,122,Lost / Hibernating,Low Vol / Low Profit,7
DA-13450,Dianna Arnett,Home Office,2023-04-25,2026-01-12,2023,352,993,2.72,4,27,39.19,156.76,56.79,36.23,12.5,57.62,1,1,1,111,Lost / Hibernating,Low Vol / Low Profit,10
DB-12910,Daniel Byrd,Home Office,2023-10-24,2026-12-09,2023,21,1142,3.13,8,47,271.45,2171.6,431.37,19.86,15.42,694.07,5,4,3,543,Loyal Customers,Low Vol / High Profit,6
DB-12970,Darren Budd,Corporate,2023-11-12,2026-05-03,2023,241,903,2.47,5,43,567.85,2839.23,213.0,7.5,16.57,1147.64,1,2,4,124,Need Attention,High Vol / Low Profit,4
DB-13060,Dave Brooks,Consumer,2023-03-01,2026-12-14,2023,16,1384,3.79,7,48,647.38,4531.65,473.03,10.44,18.46,1195.12,5,3,5,535,Potential Loyalists,High Vol / High Profit,4
DB-13120,David Bremer,Corporate,2024-05-01,2026-11-12,2024,48,925,2.53,7,59,424.73,2973.09,-1421.77,-47.82,14.29,1173.17,4,3,4,434,Potential Loyalists,High Vol / Low Profit,4
DB-13210,Dean Braden,Consumer,2024-03-22,2026-12-21,2024,9,1004,2.75,10,75,233.26,2332.58,169.97,7.29,18.57,848.0,5,5,3,553,Loyal Customers,High Vol / Low Profit,6
DB-13270,Deborah Brumfield,Home Office,2023-02-04,2026-11-07,2023,53,1372,3.76,8,52,581.99,4655.9,841.83,18.08,20.77,1238.63,3,4,5,345,Loyal Customers,High Vol / High Profit,4
DB-13360,Dennis Bolton,Home Office,2023-11-19,2026-04-10,2023,264,873,2.39,5,28,216.29,1081.47,291.01,26.91,8.33,452.16,1,2,2,122,Lost / Hibernating,Low Vol / High Profit,8
DB-13405,Denny Blanton,Consumer,2023-08-08,2026-08-08,2023,144,1096,3.0,8,100,459.34,3674.68,1221.02,33.23,3.85,1223.78,2,4,4,244,Cant Lose Them,High Vol / High Profit,4
DB-13555,Dorothy Badders,Corporate,2023-04-21,2026-09-14,2023,107,1242,3.4,7,61,558.4,3908.8,109.33,2.8,15.14,1148.72,2,3,4,234,At Risk,High Vol / Low Profit,4
DB-13615,Doug Bickford,Consumer,2023-09-30,2026-11-27,2023,33,1154,3.16,7,41,284.15,1989.05,438.8,22.06,14.55,629.12,4,3,3,433,Potential Loyalists,Low Vol / High Profit,7
DB-13660,Duane Benoit,Consumer,2023-06-17,2026-12-18,2023,12,1280,3.51,7,33,165.03,1155.2,177.67,15.38,16.0,329.41,5,3,2,532,Need Attention,Low Vol / Low Profit,9
DC-12850,Dan Campbell,Consumer,2023-07-05,2026-11-23,2023,37,1237,3.39,9,64,370.69,3336.17,-1441.63,-43.21,21.11,984.4,4,5,4,454,Champions,High Vol / Low Profit,5
DC-13285,Debra Catini,Consumer,2023-12-29,2026-12-07,2023,23,1074,2.94,5,37,234.92,1174.62,132.07,11.24,7.86,399.2,5,2,2,522,New Customers,Low Vol / Low Profit,8
DD-13570,Dorothy Dickinson,Consumer,2023-03-31,2026-11-19,2023,41,1329,3.64,6,33,44.92,269.54,36.43,13.52,24.44,74.03,4,3,1,431,Need Attention,Low Vol / Low Profit,10
DE-13255,Deanra Eno,Home Office,2023-08-22,2025-01-11,2023,718,508,1.39,5,38,510.17,2550.87,464.47,18.21,11.11,1832.81,1,2,3,123,Need Attention,High Vol / High Profit,2
DF-13135,David Flashing,Consumer,2023-10-04,2025-01-30,2023,699,484,1.33,3,23,796.84,2390.53,-259.31,-10.85,28.33,1802.78,1,1,3,113,Need Attention,High Vol / Low Profit,2
DG-13300,Deirdre Greer,Corporate,2023-11-01,2026-11-28,2023,32,1123,3.08,5,39,639.16,3195.82,562.78,17.61,10.0,1038.71,4,2,4,424,Potential Loyalists,High Vol / High Profit,4
DH-13075,Dave Hallsten,Corporate,2023-11-21,2026-03-28,2023,277,858,2.35,6,81,822.15,4932.87,1193.74,24.2,7.83,2098.48,1,3,5,135,At Risk,High Vol / High Profit,2
DH-13675,Duane Huffman,Home Office,2023-08-12,2024-11-15,2023,775,461,1.26,4,41,260.77,1043.1,116.67,11.18,12.27,825.88,1,1,2,112,Lost / Hibernating,Low Vol / Low Profit,6
DJ-13420,Denny Joy,Corporate,2023-12-08,2025-04-02,2023,637,481,1.32,4,20,503.13,2012.52,483.04,24.0,0.0,1527.17,1,1,3,113,Need Attention,Low Vol / High Profit,3
DJ-13510,Don Jones,Corporate,2023-08-17,2026-11-12,2023,48,1183,3.24,8,52,312.71,2501.69,345.25,13.8,6.92,771.86,4,4,3,443,Loyal Customers,High Vol / High Profit,6
DJ-13630,Doug Jacobs,Consumer,2024-12-14,2026-12-18,2024,12,734,2.01,3,43,1118.8,3356.4,731.56,21.8,6.25,1669.05,5,1,4,514,Need Attention,High Vol / High Profit,2
DK-12835,Damala Kotsonis,Corporate,2023-03-26,2026-12-09,2023,21,1354,3.71,12,86,271.37,3256.48,881.12,27.06,17.78,877.85,5,5,4,554,Champions,High Vol / High Profit,5
DK-12895,Dana Kaydos,Consumer,2024-03-08,2026-11-15,2024,45,982,2.69,5,65,856.44,4282.18,937.65,21.9,8.0,1591.64,4,2,4,424,Potential Loyalists,High Vol / High Profit,3
DK-12985,Darren Koutras,Consumer,2023-11-24,2026-12-23,2023,7,1125,3.08,5,32,337.41,1687.04,-107.35,-6.36,16.25,547.35,5,2,2,522,New Customers,Low Vol / Low Profit,7
DK-13090,Dave Kipp,Consumer,2024-03-02,2026-11-18,2024,42,991,2.72,7,33,378.65,2650.56,536.39,20.24,13.85,976.24,4,3,3,433,Potential Loyalists,High Vol / High Profit,5
DK-13150,David Kendrick,Corporate,2023-12-05,2026-12-20,2023,10,1111,3.04,2,20,398.92,797.83,249.94,31.33,12.0,262.11,5,1,1,511,New Customers,Low Vol / High Profit,9
DK-13225,Dean Katz,Corporate,2023-03-14,2026-12-20,2023,10,1377,3.77,9,70,533.6,4802.39,209.9,4.37,19.47,1272.97,5,5,5,555,Champions,High Vol / Low Profit,3
DK-13375,Dennis Kane,Consumer,2023-09-07,2026-12-11,2023,19,1191,3.26,8,77,414.81,3318.49,377.08,11.36,10.87,1017.0,5,4,4,544,Champions,High Vol / High Profit,4
DL-12865,Dan Lawera,Consumer,2023-06-29,2026-09-21,2023,100,1180,3.23,8,51,187.89,1503.11,322.24,21.44,15.0,464.95,3,4,2,342,Need Attention,Low Vol / High Profit,8
DL-12925,Daniel Lacy,Consumer,2023-09-09,2026-11-03,2023,57,1151,3.15,6,43,545.37,3272.2,4.21,0.13,3.57,1037.67,3,3,4,334,Need Attention,High Vol / Low Profit,4
DL-13315,Delfina Latchford,Consumer,2023-01-16,2026-12-08,2023,22,1422,3.9,8,74,182.28,1458.26,288.87,19.81,18.24,374.31,5,4,2,542,Need Attention,Low Vol / High Profit,8
DL-13330,Denise Leinenbach,Consumer,2023-06-23,2026-11-03,2023,57,1229,3.37,4,32,146.26,585.02,222.68,38.06,5.0,173.74,3,1,1,311,Need Attention,Low Vol / Low Profit,10
DL-13495,Dionis Lloyd,Corporate,2024-12-25,2026-10-15,2024,76,659,1.81,8,33,442.42,3539.32,-52.79,-1.49,5.0,1960.32,3,4,4,344,Loyal Customers,High Vol / Low Profit,2
DM-12955,Dario Medina,Corporate,2023-09-30,2026-09-07,2023,114,1073,2.94,7,28,188.86,1322.03,108.76,8.23,16.67,449.71,2,3,2,232,Need Attention,Low Vol / Low Profit,8
DM-13015,Darrin Martin,Consumer,2023-09-14,2026-11-03,2023,57,1146,3.14,7,87,906.44,6345.1,1677.39,26.44,23.0,2020.91,3,3,5,335,Need Attention,High Vol / High Profit,2
DM-13345,Denise Monton,Corporate,2023-11-03,2026-12-08,2023,22,1131,3.1,8,41,509.31,4074.47,1319.06,32.37,10.0,1314.93,5,4,4,544,Champions,High Vol / High Profit,3
DM-13525,Don Miller,Corporate,2023-07-05,2025-09-05,2023,481,793,2.17,3,33,458.93,1376.79,199.77,14.51,17.0,633.71,1,1,2,112,Lost / Hibernating,Low Vol / Low Profit,7
DN-13690,Duane Noonan,Consumer,2023-09-20,2026-05-27,2023,217,980,2.68,7,41,305.68,2139.79,540.54,25.26,1.82,796.96,2,3,3,233,At Risk,Low Vol / High Profit,6
DO-13435,Denny Ordway,Consumer,2023-10-03,2026-08-19,2023,133,1051,2.88,9,48,144.45,1300.03,-38.91,-2.99,15.77,451.49,2,5,2,252,Need Attention,Low Vol / Low Profit,8
DO-13645,Doug O'Connell,Consumer,2023-08-19,2026-12-04,2023,26,1203,3.3,9,38,227.03,2043.3,658.78,32.24,7.69,619.95,5,5,3,553,Loyal Customers,Low Vol / High Profit,7
DP-13000,Darren Powers,Consumer,2023-01-03,2026-08-26,2023,126,1331,3.65,9,58,116.74,1050.64,241.45,22.98,21.18,288.12,2,5,2,252,Need Attention,Low Vol / High Profit,9
DP-13105,Dave Poirier,Corporate,2024-08-22,2026-12-24,2024,6,854,2.34,8,63,276.88,2215.0,563.18,25.43,11.43,946.69,5,4,3,543,Loyal Customers,Low Vol / High Profit,5
DP-13165,David Philippe,Consumer,2023-12-02,2024-10-10,2023,811,313,0.86,2,20,529.31,1058.62,-40.94,-3.87,15.0,1234.49,1,1,2,112,Lost / Hibernating,Low Vol / Low Profit,4
DP-13390,Dennis Pardue,Home Office,2023-07-05,2026-01-06,2023,358,916,2.51,9,50,608.97,5480.72,1571.83,28.68,18.57,2183.91,1,5,5,155,Cant Lose Them,High Vol / High Profit,2
DR-12880,Dan Reichenbach,Corporate,2024-09-25,2026-12-27,2024,3,823,2.25,9,103,725.34,6528.03,1641.86,25.15,13.33,2895.18,5,5,5,555,Champions,High Vol / High Profit,1
DR-12940,Daniel Raglin,Home Office,2023-03-28,2026-11-10,2023,50,1323,3.62,8,57,1043.86,8350.87,2869.08,34.36,15.38,2303.91,4,4,5,445,Champions,High Vol / High Profit,1
DS-13030,Darrin Sayre,Home Office,2023-07-09,2026-09-28,2023,93,1177,3.22,4,54,440.55,1762.21,193.33,10.97,13.95,546.48,3,1,3,313,Need Attention,Low Vol / Low Profit,7
DS-13180,David Smith,Corporate,2023-04-28,2026-12-07,2023,23,1319,3.61,9,68,320.2,2881.81,163.7,5.68,15.35,797.47,5,5,4,554,Champions,High Vol / Low Profit,6
DV-13045,Darrin Van Huff,Corporate,2025-06-12,2026-12-11,2025,19,547,1.5,5,28,223.9,1119.48,-427.18,-38.16,17.22,747.0,5,2,2,522,New Customers,Low Vol / Low Profit,6
DV-13465,Dianna Vittorini,Consumer,2023-06-22,2026-12-01,2023,29,1258,3.45,6,62,556.93,3341.59,353.21,10.57,11.33,969.54,4,3,4,434,Potential Loyalists,High Vol / High Profit,5
DW-13195,David Wiener,Corporate,2023-01-18,2026-10-22,2023,69,1373,3.76,6,39,180.13,1080.75,-86.87,-8.04,24.44,287.31,3,3,2,332,Need Attention,Low Vol / Low Profit,9
DW-13480,Dianna Wilson,Home Office,2023-06-01,2026-05-27,2023,217,1091,2.99,5,38,1054.33,5271.63,1348.76,25.59,3.64,1763.65,2,2,5,225,Need Attention,High Vol / High Profit,2
DW-13540,Don Weiss,Consumer,2025-02-27,2026-09-23,2025,98,573,1.57,5,21,68.82,344.08,69.67,20.25,17.78,219.18,3,2,1,321,Need Attention,Low Vol / Low Profit,9
DW-13585,Dorothy Wardle,Corporate,2023-08-24,2026-05-02,2023,242,982,2.69,7,44,172.12,1204.85,-266.9,-22.15,17.0,447.83,1,3,2,132,Need Attention,Low Vol / Low Profit,8
Dl-13600,Dorris liebe,Corporate,2023-03-30,2026-09-02,2023,119,1252,3.43,5,19,151.12,755.6,175.24,23.19,21.67,220.28,2,2,1,221,Lost / Hibernating,Low Vol / Low Profit,9
Dp-13240,Dean percer,Home Office,2023-05-26,2026-10-07,2023,84,1230,3.37,11,99,654.43,7198.76,333.36,4.63,18.62,2136.22,3,5,5,355,Loyal Customers,High Vol / High Profit,2
EA-14035,Erin Ashbrook,Corporate,2023-09-13,2026-07-31,2023,152,1052,2.88,13,87,218.98,2846.7,-52.74,-1.85,30.0,987.69,2,5,4,254,Cant Lose Them,High Vol / Low Profit,5
EB-13705,Ed Braxton,Corporate,2023-07-08,2026-11-12,2023,48,1223,3.35,9,55,405.0,3644.98,13.62,0.37,25.83,1087.83,4,5,4,454,Champions,High Vol / Low Profit,4
EB-13750,Edward Becker,Corporate,2024-03-12,2026-11-25,2024,35,988,2.71,10,91,323.63,3236.31,-80.29,-2.48,14.5,1195.6,4,5,4,454,Champions,High Vol / Low Profit,4
EB-13840,Ellis Ballard,Corporate,2023-05-30,2026-10-01,2023,90,1220,3.34,5,41,871.63,4358.13,656.2,15.06,12.5,1303.87,3,2,5,325,Need Attention,High Vol / High Profit,3
EB-13870,Emily Burns,Consumer,2023-05-05,2026-09-21,2023,100,1235,3.38,10,41,276.72,2767.22,261.53,9.45,29.09,817.84,3,5,4,354,Loyal Customers,High Vol / High Profit,6
EB-13930,Eric Barreto,Consumer,2023-02-02,2026-07-22,2023,161,1266,3.47,5,24,188.92,944.6,0.6,0.06,17.14,272.34,2,2,2,222,Lost / Hibernating,Low Vol / Low Profit,9
EB-13975,Erica Bern,Corporate,2025-01-04,2026-12-30,2025,0,725,1.99,4,18,410.81,1643.26,162.88,9.91,28.33,827.29,5,1,2,512,New Customers,Low Vol / Low Profit,6
EB-14110,Eugene Barchas,Consumer,2024-04-13,2026-09-08,2024,113,878,2.41,6,30,511.85,3071.13,184.77,6.02,20.91,1276.72,2,3,4,234,At Risk,High Vol / Low Profit,3
EB-14170,Evan Bailliet,Consumer,2023-09-29,2026-10-09,2023,82,1106,3.03,6,20,197.72,1186.33,282.17,23.79,22.86,391.51,3,3,2,332,Need Attention,Low Vol / High Profit,8
EC-14050,Erin Creighton,Consumer,2023-12-17,2026-11-07,2023,53,1056,2.89,5,37,92.38,461.91,96.43,20.88,10.0,159.66,3,2,1,321,Need Attention,Low Vol / Low Profit,10
ED-13885,Emily Ducich,Home Office,2023-08-09,2026-08-17,2023,135,1104,3.02,8,54,435.62,3484.92,670.44,19.24,21.43,1152.17,2,4,4,244,Cant Lose Them,High Vol / High Profit,4
EG-13900,Emily Grady,Consumer,2024-11-02,2026-12-08,2024,22,766,2.1,5,44,366.4,1832.02,104.27,5.69,20.0,872.96,5,2,3,523,Potential Loyalists,Low Vol / Low Profit,5
EH-13765,Edward Hooks,Corporate,2023-04-12,2026-08-17,2023,135,1223,3.35,12,120,859.24,10310.88,1393.52,13.51,7.19,3077.25,2,5,5,255,Cant Lose Them,High Vol / High Profit,1
EH-13945,Eric Hoffmann,Consumer,2023-07-02,2026-05-27,2023,217,1060,2.9,8,72,85.52,684.17,53.54,7.83,29.41,235.59,2,4,1,241,Need Attention,Low Vol / Low Profit,9
EH-13990,Erica Hackney,Consumer,2023-01-15,2025-11-20,2023,405,1040,2.85,6,20,137.66,825.95,150.38,18.21,6.25,289.88,1,3,1,131,Need Attention,Low Vol / Low Profit,9
EH-14005,Erica Hernandez,Home Office,2023-05-13,2026-12-28,2023,2,1325,3.63,7,50,174.22,1219.53,-94.14,-7.72,17.27,335.95,5,3,2,532,Need Attention,Low Vol / Low Profit,9
EH-14125,Eugene Hildebrand,Home Office,2023-10-19,2026-10-19,2023,72,1096,3.0,14,84,224.53,3143.48,117.81,3.75,16.82,1046.87,3,5,4,354,Loyal Customers,High Vol / Low Profit,4
EH-14185,Evan Henry,Consumer,2023-05-22,2026-09-16,2023,105,1213,3.32,6,22,153.98,923.88,242.11,26.21,28.75,278.0,2,3,1,231,Need Attention,Low Vol / High Profit,9
EJ-13720,Ed Jacobs,Consumer,2023-01-27,2026-03-03,2023,302,1131,3.1,4,31,540.54,2162.17,387.02,17.9,17.5,697.78,1,1,3,113,Need Attention,Low Vol / High Profit,6
EJ-14155,Eva Jacobs,Consumer,2023-03-03,2026-11-03,2023,57,1341,3.67,5,31,531.34,2656.69,451.88,17.01,6.25,723.11,3,2,3,323,Need Attention,High Vol / High Profit,6
EK-13795,Eileen Kiefer,Home Office,2023-03-18,2026-11-16,2023,44,1339,3.67,4,18,325.87,1303.48,97.11,7.45,8.75,355.32,4,1,2,412,New Customers,Low Vol / Low Profit,9
EL-13735,Ed Ludwig,Home Office,2025-04-22,2026-10-14,2025,77,540,1.48,2,9,62.14,124.28,27.12,21.82,0.0,84.0,3,1,1,311,Need Attention,Low Vol / Low Profit,10
EM-13810,Eleni McCrary,Corporate,2024-06-07,2026-08-20,2024,132,804,2.2,5,23,513.4,2567.01,-133.83,-5.21,14.29,1165.37,2,2,3,223,Need Attention,High Vol / Low Profit,4
EM-13825,Elizabeth Moffitt,Corporate,2023-12-02,2026-11-05,2023,55,1069,2.93,8,57,292.45,2339.6,682.55,29.17,6.25,798.83,3,4,3,343,Loyal Customers,High Vol / High Profit,6
EM-13960,Eric Murdock,Consumer,2024-10-01,2026-08-01,2024,151,669,1.83,5,18,186.74,933.7,102.3,10.96,23.33,509.42,2,2,2,222,Lost / Hibernating,Low Vol / Low Profit,7
EM-14065,Erin Mull,Consumer,2023-07-22,2026-11-13,2023,47,1210,3.32,4,22,57.25,228.99,40.15,17.54,25.0,69.08,4,1,1,411,New Customers,Low Vol / Low Profit,10
EM-14095,Eudokia Martin,Corporate,2024-08-07,2026-09-08,2024,113,762,2.09,4,34,260.26,1041.04,240.24,23.08,10.0,498.66,2,1,2,212,Lost / Hibernating,Low Vol / High Profit,8
EM-14140,Eugene Moren,Home Office,2023-07-19,2026-11-12,2023,48,1212,3.32,6,74,764.74,4588.44,1319.37,28.75,6.67,1381.83,4,3,5,435,Potential Loyalists,High Vol / High Profit,3
EM-14200,Evan Minnotte,Home Office,2024-12-20,2026-07-25,2024,158,582,1.59,3,13,122.27,366.82,21.77,5.94,12.5,230.05,2,1,1,211,Lost / Hibernating,Low Vol / Low Profit,9
EN-13780,Edward Nazzal,Consumer,2024-05-30,2026-03-18,2024,287,657,1.8,4,27,549.84,2199.37,496.11,22.56,4.44,1221.87,1,1,3,113,Need Attention,Low Vol / High Profit,4
EP-13915,Emily Phan,Consumer,2023-07-06,2026-12-18,2023,12,1261,3.45,17,124,322.24,5478.06,144.96,2.65,19.74,1585.64,5,5,5,555,Champions,High Vol / Low Profit,3
ER-13855,Elpida Rittenbach,Corporate,2024-12-21,2025-11-04,2024,421,318,0.87,3,27,415.26,1245.79,-295.74,-23.74,20.0,1429.91,1,1,2,112,Lost / Hibernating,Low Vol / Low Profit,3
ES-14020,Erica Smith,Consumer,2023-09-20,2026-11-20,2023,40,1157,3.17,5,31,702.09,3510.46,1003.29,28.58,12.5,1107.45,4,2,4,424,Potential Loyalists,High Vol / High Profit,4
ES-14080,Erin Smith,Corporate,2023-10-02,2026-12-02,2023,28,1157,3.17,9,77,517.55,4657.92,246.67,5.3,26.0,1469.44,4,5,5,455,Champions,High Vol / High Profit,3
FA-14230,Frank Atkinson,Corporate,2023-09-19,2026-09-24,2023,97,1101,3.02,7,58,426.29,2984.05,520.52,17.44,25.88,989.26,3,3,4,334,Need Attention,High Vol / High Profit,5
FC-14245,Frank Carlisle,Home Office,2024-06-13,2026-10-21,2024,70,860,2.36,7,50,488.39,3418.74,1217.17,35.6,13.57,1450.98,3,3,4,334,Need Attention,High Vol / High Profit,3
FC-14335,Fred Chung,Corporate,2023-10-10,2026-06-29,2023,184,993,2.72,7,37,555.62,3889.37,714.29,18.37,16.0,1429.63,2,3,4,234,At Risk,High Vol / High Profit,3
FG-14260,Frank Gastineau,Home Office,2023-05-21,2026-11-26,2023,34,1285,3.52,11,70,193.16,2124.78,692.43,32.59,11.18,603.54,4,5,3,453,Loyal Customers,Low Vol / High Profit,7
FH-14275,Frank Hawley,Corporate,2023-04-06,2026-11-23,2023,37,1327,3.64,10,65,425.63,4256.27,1073.27,25.22,12.86,1170.72,4,5,4,454,Champions,High Vol / High Profit,4
FH-14350,Fred Harton,Consumer,2024-08-23,2026-06-01,2024,212,647,1.77,4,52,567.82,2271.28,706.29,31.1,10.71,1281.33,2,1,3,213,Need Attention,High Vol / High Profit,3
FH-14365,Fred Hopkins,Corporate,2023-10-20,2026-12-25,2023,5,1162,3.18,8,52,873.4,6987.2,2050.28,29.34,13.85,2194.77,5,4,5,545,Champions,High Vol / High Profit,2
FM-14215,Filia McAdams,Corporate,2023-03-11,2026-12-23,2023,7,1383,3.79,10,48,245.66,2456.64,249.68,10.16,9.33,648.35,5,5,3,553,Loyal Customers,High Vol / High Profit,7
FM-14290,Frank Merwin,Home Office,2023-08-26,2026-11-24,2023,36,1186,3.25,9,79,415.13,3736.2,198.11,5.3,18.0,1149.84,4,5,4,454,Champions,High Vol / Low Profit,4
FM-14380,Fred McMath,Consumer,2024-07-12,2026-12-09,2024,21,880,2.41,11,63,248.36,2732.0,218.01,7.98,18.33,1133.16,5,5,3,553,Loyal Customers,High Vol / Low Profit,4
FO-14305,Frank Olsen,Consumer,2023-06-09,2026-11-22,2023,38,1262,3.46,10,60,267.84,2678.44,215.6,8.05,22.0,774.67,4,5,3,453,Loyal Customers,High Vol / Low Profit,6
FP-14320,Frank Preis,Consumer,2023-12-07,2026-12-07,2023,23,1096,3.0,8,54,505.84,4046.75,406.45,10.04,13.57,1347.68,5,4,4,544,Champions,High Vol / High Profit,3
FW-14395,Fred Wasserman,Corporate,2024-03-22,2026-01-02,2024,362,651,1.78,3,9,26.58,79.75,23.49,29.46,0.0,44.71,1,1,1,111,Lost / Hibernating,Low Vol / Low Profit,10
GA-14515,George Ashbrook,Consumer,2023-05-18,2026-08-03,2023,149,1173,3.21,8,48,489.97,3919.78,840.9,21.45,6.43,1219.71,2,4,4,244,Cant Lose Them,High Vol / High Profit,4
GA-14725,Guy Armstrong,Consumer,2023-02-11,2026-12-25,2023,5,1413,3.87,11,79,127.13,1398.38,136.71,9.78,17.95,361.22,5,5,2,552,Need Attention,Low Vol / Low Profit,8
GB-14530,George Bell,Corporate,2023-04-28,2026-10-29,2023,62,1280,3.51,11,62,142.59,1568.44,7.84,0.5,17.0,447.25,3,5,2,352,Need Attention,Low Vol / Low Profit,8
GB-14575,Giulietta Baptist,Consumer,2024-06-12,2026-12-17,2024,13,918,2.52,5,63,943.26,4716.29,1135.84,24.08,3.75,1875.21,5,2,5,525,Potential Loyalists,High Vol / High Profit,2
GD-14590,Giulietta Dortch,Corporate,2023-05-05,2026-12-25,2023,5,1330,3.64,4,25,472.02,1888.07,230.94,12.23,13.33,518.15,5,1,3,513,Need Attention,Low Vol / High Profit,7
GG-14650,Greg Guthrie,Corporate,2023-10-05,2026-11-17,2023,43,1139,3.12,11,133,780.37,8584.09,1415.24,16.49,13.61,2750.83,4,5,5,455,Champions,High Vol / High Profit,1
GH-14410,Gary Hansen,Home Office,2023-07-09,2026-10-16,2023,75,1195,3.27,9,65,313.27,2819.47,-576.83,-20.46,27.06,861.18,3,5,4,354,Loyal Customers,High Vol / Low Profit,5
GH-14425,Gary Hwang,Consumer,2023-06-17,2026-11-10,2023,50,1242,3.4,4,51,1043.21,4172.85,1176.42,28.19,19.0,1226.32,4,1,4,414,Need Attention,High Vol / High Profit,4
GH-14485,Gene Hale,Corporate,2024-10-08,2025-12-08,2024,387,426,1.17,2,15,680.62,1361.24,-95.45,-7.01,46.67,1166.32,1,1,2,112,Lost / Hibernating,Low Vol / Low Profit,4
GH-14665,Greg Hansen,Consumer,2024-11-17,2026-12-28,2024,2,771,2.11,2,9,73.47,146.94,-5.81,-3.95,24.0,69.56,5,1,1,511,New Customers,Low Vol / Low Profit,10
GK-14620,Grace Kelly,Corporate,2023-06-25,2026-09-09,2023,112,1172,3.21,9,66,721.92,6497.27,1448.55,22.29,15.71,2023.47,2,5,5,255,Cant Lose Them,High Vol / High Profit,2
GM-14440,Gary McGarr,Consumer,2023-03-21,2026-10-08,2023,83,1297,3.55,7,43,511.83,3582.82,347.27,9.69,11.82,1008.27,3,3,4,334,Need Attention,High Vol / High Profit,4
GM-14455,Gary Mitchum,Home Office,2023-04-11,2026-12-14,2023,16,1343,3.68,6,54,513.1,3078.62,793.28,25.77,16.67,836.71,5,3,4,534,Potential Loyalists,High Vol / High Profit,6
GM-14500,Gene McClure,Consumer,2023-08-09,2026-09-15,2023,106,1133,3.1,10,53,125.57,1255.68,441.32,35.15,11.54,404.52,2,5,2,252,Need Attention,Low Vol / High Profit,8
GM-14680,Greg Matthias,Consumer,2023-05-10,2026-07-31,2023,152,1178,3.23,6,31,527.27,3163.63,35.49,1.12,14.55,980.24,2,3,4,234,At Risk,High Vol / Low Profit,5
GM-14695,Greg Maxwell,Corporate,2023-04-05,2026-09-04,2023,117,1248,3.42,3,44,2016.66,6049.97,188.72,3.12,5.45,1769.42,2,1,5,215,Need Attention,High Vol / Low Profit,2
GP-14740,Guy Phonely,Corporate,2023-04-06,2024-11-26,2023,764,600,1.64,2,21,118.26,236.53,31.84,13.46,14.0,143.89,1,1,1,111,Lost / Hibernating,Low Vol / Low Profit,10
GR-14560,Georgia Rosenberg,Corporate,2023-11-19,2023-11-21,2023,1135,2,0.01,2,23,642.19,1284.38,359.83,28.02,0.0,1284.38,1,1,2,112,Lost / Hibernating,Low Vol / High Profit,3
GT-14635,Grant Thornton,Corporate,2023-06-06,2026-11-04,2023,56,1247,3.42,3,26,3117.07,9351.21,-4108.66,-43.94,25.0,2737.12,3,1,5,315,Need Attention,High Vol / Low Profit,1
GT-14710,Greg Tran,Consumer,2023-05-23,2026-11-24,2023,36,1281,3.51,11,106,1074.56,11820.12,2163.43,18.3,10.0,3367.95,4,5,5,455,Champions,High Vol / High Profit,1
GT-14755,Guy Thornton,Consumer,2024-02-18,2026-11-26,2024,34,1012,2.77,4,23,56.61,226.44,-6.14,-2.71,20.0,81.67,4,1,1,411,New Customers,Low Vol / Low Profit,10
GW-14605,Giulietta Weimer,Consumer,2023-03-01,2026-12-02,2023,28,1372,3.76,7,43,312.72,2189.02,-268.54,-12.27,15.56,582.36,4,3,3,433,Potential Loyalists,Low Vol / Low Profit,7
GZ-14470,Gary Zandusky,Consumer,2023-08-05,2026-12-23,2023,7,1236,3.39,9,48,483.91,4355.15,1087.75,24.98,7.86,1286.11,5,5,5,555,Champions,High Vol / High Profit,3
GZ-14545,George Zrebassa,Corporate,2023-09-28,2026-07-26,2023,157,1032,2.83,8,38,316.14,2529.11,860.69,34.03,4.44,894.5,2,4,3,243,At Risk,High Vol / High Profit,5
HA-14905,Helen Abelman,Consumer,2023-06-30,2026-10-22,2023,69,1210,3.32,7,45,309.04,2163.3,270.86,12.52,23.0,652.57,3,3,3,333,Need Attention,Low Vol / High Profit,7
HA-14920,Helen Andreada,Consumer,2023-10-11,2026-12-10,2023,20,1156,3.17,8,72,323.02,2584.16,99.14,3.84,20.0,815.93,5,4,3,543,Loyal Customers,High Vol / Low Profit,6
HD-14785,Harold Dahlen,Home Office,2023-05-11,2024-11-22,2023,768,561,1.54,3,31,83.79,251.36,-135.88,-54.06,30.0,163.54,1,1,1,111,Lost / Hibernating,Low Vol / Low Profit,10
HE-14800,Harold Engle,Corporate,2025-01-30,2026-12-18,2025,12,687,1.88,4,44,220.88,883.53,274.4,31.06,1.82,469.42,5,1,1,511,New Customers,Low Vol / High Profit,8
HF-14995,Herbert Flentye,Consumer,2023-05-26,2026-12-09,2023,21,1293,3.54,7,70,361.88,2533.16,-13.88,-0.55,13.16,715.08,5,3,3,533,Potential Loyalists,High Vol / Low Profit,6
HG-14845,Harry Greene,Consumer,2023-04-29,2026-11-06,2023,54,1287,3.53,5,31,157.13,785.63,147.0,18.71,19.0,222.81,3,2,1,321,Need Attention,Low Vol / Low Profit,9
HG-14965,Henry Goldwyn,Corporate,2023-09-20,2026-12-07,2023,23,1174,3.22,12,68,270.64,3247.64,-2797.96,-86.15,17.06,1009.7,5,5,4,554,Champions,High Vol / Low Profit,4
HG-15025,Hunter Glantz,Consumer,2023-10-14,2026-12-24,2023,6,1167,3.2,7,38,527.18,3690.28,804.61,21.8,17.27,1154.2,5,3,4,534,Potential Loyalists,High Vol / High Profit,4
HH-15010,Hilary Holden,Corporate,2023-08-29,2026-10-19,2023,72,1147,3.14,2,20,109.33,218.67,86.73,39.66,3.33,69.58,3,1,1,311,Need Attention,Low Vol / Low Profit,10
HJ-14875,Heather Jas,Home Office,2024-04-13,2026-08-26,2024,126,865,2.37,5,21,71.62,358.1,98.65,27.55,10.0,151.11,2,2,1,221,Lost / Hibernating,Low Vol / Low Profit,10
HK-14890,Heather Kirkland,Corporate,2023-06-10,2026-08-01,2023,151,1148,3.15,8,64,609.72,4877.78,956.95,19.62,21.33,1550.86,2,4,5,245,Cant Lose Them,High Vol / High Profit,3
HL-15040,Hunter Lopez,Consumer,2023-01-20,2026-11-17,2023,43,1397,3.83,6,50,2145.55,12873.3,5622.43,43.68,1.82,3363.46,4,3,5,435,Potential Loyalists,High Vol / High Profit,1
HM-14860,Harry Marie,Corporate,2023-07-21,2026-12-28,2023,2,1256,3.44,10,76,823.68,8236.76,2437.98,29.6,23.1,2393.65,5,5,5,555,Champions,High Vol / High Profit,1
HM-14980,Henry MacAllister,Consumer,2024-10-02,2026-04-27,2024,247,572,1.57,4,29,184.07,736.28,117.28,15.93,17.14,469.83,1,1,1,111,Lost / Hibernating,Low Vol / Low Profit,8
HO-15230,Harry Olson,Consumer,2023-12-30,2026-12-30,2023,0,1096,3.0,2,6,3.02,6.05,-1.21,-20.0,20.0,2.01,5,1,1,511,New Customers,Low Vol / Low Profit,10
HO-15231,Harry Olson,Consumer,2025-06-12,2026-03-16,2025,289,277,0.76,2,4,310.12,620.24,161.26,26.0,0.0,817.28,1,1,1,111,Lost / Hibernating,Low Vol / Low Profit,6
HO-15232,Harry Olson,Consumer,2025-06-12,2026-03-16,2025,289,277,0.76,2,12,70.46,140.93,45.8,32.5,20.0,185.7,1,1,1,111,Lost / Hibernating,Low Vol / Low Profit,10
HO-15233,Harry Olson,Consumer,2025-06-12,2026-03-16,2025,289,277,0.76,2,10,19.68,39.36,13.78,35.0,20.0,51.86,1,1,1,111,Lost / Hibernating,Low Vol / Low Profit,10
HO-15234,Harry Olson,Consumer,2025-06-12,2026-03-16,2025,289,277,0.76,2,6,140.67,281.34,109.72,39.0,0.0,370.72,1,1,1,111,Lost / Hibernating,Low Vol / Low Profit,8
HP-14815,Harold Pawlan,Home Office,2023-05-06,2026-11-30,2023,30,1304,3.57,7,44,284.33,1990.31,373.86,18.78,30.0,557.1,4,3,3,433,Potential Loyalists,Low Vol / High Profit,7
HR-14770,Hallie Redmond,Home Office,2023-03-01,2026-12-17,2023,13,1387,3.8,5,38,259.86,1299.29,185.58,14.28,4.62,341.92,5,2,2,522,New Customers,Low Vol / Low Profit,9
HR-14830,Harold Ryan,Corporate,2023-11-24,2026-07-24,2023,159,973,2.67,7,51,749.83,5248.79,1196.95,22.8,10.0,1968.97,2,3,5,235,At Risk,High Vol / High Profit,2
HW-14935,Helen Wasserman,Corporate,2024-09-27,2026-09-04,2024,117,707,1.94,8,85,1162.53,9300.25,2164.16,23.27,4.5,4801.4,2,4,5,245,Cant Lose Them,High Vol / High Profit,1
HZ-14950,Henia Zydlo,Consumer,2025-03-14,2026-11-25,2025,35,621,1.7,5,21,177.3,886.52,-130.39,-14.71,20.0,521.06,4,2,1,421,New Customers,Low Vol / Low Profit,7
IG-15085,Ivan Gibson,Consumer,2023-10-18,2026-10-20,2023,71,1098,3.01,4,19,186.14,744.57,320.5,43.04,2.86,247.51,3,1,1,311,Need Attention,Low Vol / High Profit,9
IL-15100,Ivan Liston,Consumer,2023-08-01,2026-08-10,2023,142,1105,3.03,7,60,720.11,5040.74,1121.94,22.26,7.14,1665.04,2,4,5,245,Cant Lose Them,High Vol / High Profit,2
IM-15055,Ionia McGrath,Consumer,2023-01-23,2025-11-16,2023,409,1028,2.82,3,19,957.54,2872.63,975.77,33.97,10.0,1019.95,1,1,4,114,Need Attention,High Vol / High Profit,4
IM-15070,Irene Maddox,Consumer,2023-12-19,2025-12-05,2023,390,717,1.96,7,93,704.35,4930.47,514.65,10.44,16.67,2509.93,1,4,5,145,Cant Lose Them,High Vol / High Profit,1
JA-15970,Joseph Airdo,Consumer,2023-09-17,2026-09-29,2023,92,1108,3.04,8,87,811.38,6491.03,-819.42,-12.62,21.25,2138.29,3,4,5,345,Loyal Customers,High Vol / Low Profit,2
JB-15400,Jennifer Braxton,Corporate,2023-08-19,2026-12-23,2023,7,1222,3.35,12,49,152.54,1830.48,174.71,9.54,18.33,546.75,5,5,3,553,Loyal Customers,Low Vol / Low Profit,7
JB-15925,Joni Blumstein,Consumer,2023-12-05,2024-12-24,2023,736,385,1.05,3,32,300.18,900.55,-286.98,-31.87,30.0,853.77,1,1,1,111,Lost / Hibernating,Low Vol / Low Profit,5
JB-16000,Joy Bell-,Consumer,2025-01-10,2026-11-17,2025,43,676,1.85,7,32,92.02,644.12,126.76,19.68,7.43,347.79,4,4,1,441,Need Attention,Low Vol / Low Profit,9
JB-16045,Julia Barnett,Home Office,2024-05-03,2026-12-23,2024,7,964,2.64,5,32,503.62,2518.12,201.52,8.0,18.89,953.44,5,2,3,523,Potential Loyalists,High Vol / Low Profit,5
JC-15340,Jasper Cacioppo,Consumer,2023-01-28,2026-09-07,2023,114,1318,3.61,4,12,17.82,71.26,-0.36,-0.5,22.5,19.74,2,1,1,211,Lost / Hibernating,Low Vol / Low Profit,10
JC-15385,Jenna Caffey,Consumer,2026-07-08,2026-07-08,2026,175,0,0.0,1,14,1058.11,1058.11,502.92,47.53,5.0,1058.11,2,1,2,212,Lost / Hibernating,Low Vol / High Profit,4
JC-15775,John Castell,Consumer,2023-09-14,2026-07-25,2023,158,1045,2.86,9,64,308.01,2772.06,279.57,10.09,12.19,968.23,2,5,4,254,Cant Lose Them,High Vol / High Profit,5
JC-16105,Julie Creighton,Corporate,2023-11-18,2026-11-03,2023,57,1081,2.96,5,43,171.72,858.58,201.6,23.48,4.44,289.9,3,2,1,321,Need Attention,Low Vol / Low Profit,9
JD-15790,John Dryer,Consumer,2024-04-02,2026-09-04,2024,117,885,2.42,5,26,430.47,2152.35,-266.55,-12.38,17.14,887.69,2,2,3,223,Need Attention,Low Vol / Low Profit,5
JD-15895,Jonathan Doherty,Corporate,2023-03-26,2025-12-01,2023,394,981,2.69,11,150,691.9,7610.86,1050.27,13.8,7.5,2831.77,1,5,5,155,Cant Lose Them,High Vol / High Profit,1
JD-16015,Joy Daniels,Consumer,2023-10-04,2026-09-09,2023,112,1071,2.93,6,39,64.24,385.43,26.76,6.94,30.91,131.36,2,3,1,231,Need Attention,Low Vol / Low Profit,10
JD-16060,Julia Dunbar,Consumer,2023-09-24,2026-03-05,2023,300,893,2.45,3,17,231.81,695.44,111.11,15.98,5.0,284.25,1,1,1,111,Lost / Hibernating,Low Vol / Low Profit,9
JD-16150,Justin Deggeller,Corporate,2023-11-16,2026-11-19,2023,41,1099,3.01,8,60,1103.5,8828.03,1619.52,18.35,5.59,2931.97,4,4,5,445,Champions,High Vol / High Profit,1
JE-15475,Jeremy Ellison,Consumer,2024-03-16,2026-06-20,2024,193,826,2.26,6,49,231.45,1388.68,276.22,19.89,18.46,613.64,2,3,2,232,Need Attention,Low Vol / High Profit,7
JE-15610,Jim Epp,Corporate,2023-10-14,2026-11-12,2023,48,1125,3.08,7,74,1107.85,7754.98,1623.4,20.93,16.0,2516.06,4,4,5,445,Champions,High Vol / High Profit,1
JE-15715,Joe Elijah,Consumer,2023-08-25,2026-11-14,2023,46,1177,3.22,12,129,871.79,10461.46,1443.18,13.8,32.33,3244.21,4,5,5,455,Champions,High Vol / High Profit,1
JE-15745,Joel Eaton,Consumer,2023-06-22,2026-11-09,2023,51,1236,3.39,13,90,520.06,6760.82,221.8,3.28,14.57,1996.52,4,5,5,455,Champions,High Vol / Low Profit,2
JE-16165,Justin Ellison,Corporate,2025-12-05,2026-12-10,2025,20,370,1.01,3,34,899.08,2697.25,789.65,29.28,2.86,2660.8,5,1,3,513,Need Attention,High Vol / High Profit,1
JF-15190,Jamie Frazer,Consumer,2023-11-15,2026-10-26,2023,65,1076,2.95,7,72,325.66,2279.59,575.13,25.23,12.11,773.28,3,4,3,343,Loyal Customers,High Vol / High Profit,6
JF-15295,Jason Fortune-,Consumer,2023-03-14,2026-05-19,2023,225,1162,3.18,5,42,191.02,955.12,97.29,10.19,11.43,300.02,2,2,2,222,Lost / Hibernating,Low Vol / Low Profit,9
JF-15355,Jay Fein,Consumer,2024-10-23,2026-09-16,2024,105,693,1.9,6,58,318.64,1911.84,330.2,17.27,7.5,1006.96,2,3,3,233,At Risk,Low Vol / High Profit,5
JF-15415,Jennifer Ferguson,Consumer,2023-06-17,2026-12-28,2023,2,1290,3.53,6,69,395.24,2371.45,635.64,26.8,7.14,670.99,5,3,3,533,Potential Loyalists,High Vol / High Profit,6
JF-15490,Jeremy Farry,Consumer,2023-10-19,2026-08-31,2023,121,1047,2.87,11,36,98.45,1082.92,-18.07,-1.67,14.67,377.52,2,5,2,252,Need Attention,Low Vol / Low Profit,8
JF-15565,Jill Fjeld,Consumer,2023-10-11,2026-11-06,2023,54,1122,3.07,8,67,524.79,4198.33,1073.21,25.56,17.5,1365.77,3,4,4,344,Loyal Customers,High Vol / High Profit,3
JG-15115,Jack Garza,Consumer,2023-09-21,2024-12-03,2023,757,439,1.2,3,20,786.23,2358.68,684.19,29.01,24.29,1961.09,1,1,3,113,Need Attention,High Vol / High Profit,2
JG-15160,James Galang,Consumer,2023-05-30,2026-12-29,2023,1,1309,3.59,11,70,578.76,6366.39,1415.67,22.24,11.11,1775.2,5,5,5,555,Champions,High Vol / High Profit,2
JG-15310,Jason Gross,Corporate,2025-03-03,2026-12-28,2025,2,665,1.82,6,46,373.43,2240.58,3.8,0.17,25.45,1229.79,5,3,3,533,Potential Loyalists,Low Vol / Low Profit,4
JG-15805,John Grady,Corporate,2023-04-05,2026-05-21,2023,223,1142,3.13,6,46,251.17,1507.02,206.1,13.68,6.67,481.67,2,3,2,232,Need Attention,Low Vol / Low Profit,8
JH-15430,Jennifer Halladay,Consumer,2023-02-24,2026-12-25,2023,5,1400,3.84,4,29,77.32,309.28,-24.08,-7.78,31.43,80.63,5,1,1,511,New Customers,Low Vol / Low Profit,10
JH-15820,John Huston,Consumer,2023-05-19,2026-07-09,2023,174,1147,3.14,6,29,88.15,528.91,26.08,4.93,15.0,168.31,2,3,1,231,Need Attention,Low Vol / Low Profit,10
JH-15910,Jonathan Howell,Consumer,2024-06-12,2026-11-19,2024,41,890,2.44,7,35,137.07,959.48,-13.55,-1.41,14.44,393.49,4,4,2,442,Need Attention,Low Vol / Low Profit,8
JH-15985,Joseph Holt,Consumer,2023-08-09,2026-12-01,2023,29,1210,3.32,6,64,1325.83,7955.0,-644.7,-8.1,8.57,2399.65,4,3,5,435,Potential Loyalists,High Vol / Low Profit,1
JH-16180,Justin Hirsh,Consumer,2024-05-25,2025-11-21,2024,404,545,1.49,4,28,564.1,2256.39,-96.95,-4.3,22.0,1511.16,1,1,3,113,Need Attention,High Vol / Low Profit,3
JJ-15445,Jennifer Jackson,Consumer,2024-03-05,2025-09-03,2024,483,547,1.5,5,25,141.84,709.18,200.56,28.28,6.67,473.22,1,2,1,121,Lost / Hibernating,Low Vol / Low Profit,8
JJ-15760,Joel Jenkins,Home Office,2024-10-05,2024-12-08,2024,752,64,0.18,2,11,97.5,195.0,34.45,17.67,6.67,1112.11,1,1,1,111,Lost / Hibernating,Low Vol / Low Profit,4
JK-15205,Jamie Kunitz,Consumer,2023-07-11,2026-10-30,2023,61,1207,3.31,5,67,885.43,4427.14,1219.98,27.56,13.08,1338.78,3,2,5,325,Need Attention,High Vol / High Profit,3
JK-15325,Jason Klamczynski,Corporate,2023-11-21,2026-03-18,2023,287,848,2.32,3,15,127.94,383.81,55.33,14.42,10.0,165.2,1,1,1,111,Lost / Hibernating,Low Vol / Low Profit,10
JK-15370,Jay Kimmel,Consumer,2023-04-11,2026-11-16,2023,44,1315,3.6,8,72,338.7,2709.63,330.28,12.19,12.35,752.1,4,4,3,443,Loyal Customers,High Vol / High Profit,6
JK-15625,Jim Karlsson,Consumer,2023-05-31,2026-10-30,2023,61,1248,3.42,7,44,537.15,3760.03,750.95,19.97,11.67,1099.69,3,4,4,344,Loyal Customers,High Vol / High Profit,4
JK-15640,Jim Kriz,Home Office,2023-09-19,2026-07-03,2023,180,1018,2.79,9,41,528.94,4760.43,1172.53,24.63,10.0,1706.84,2,5,5,255,Cant Lose Them,High Vol / High Profit,2
JK-15730,Joe Kamberova,Consumer,2023-11-18,2026-10-07,2023,84,1054,2.89,10,88,486.72,4867.2,55.05,1.13,33.25,1685.51,3,5,5,355,Loyal Customers,High Vol / Low Profit,2
JK-16090,Juliana Krohn,Consumer,2024-04-21,2026-12-02,2024,28,955,2.62,3,43,1249.22,3747.67,586.66,15.65,20.0,1432.35,4,1,4,414,Need Attention,High Vol / High Profit,3
JK-16120,Julie Kriz,Home Office,2023-11-02,2026-09-04,2023,117,1037,2.84,10,49,293.25,2932.48,122.66,4.18,20.59,1032.17,2,5,4,254,Cant Lose Them,High Vol / Low Profit,4
JL-15130,Jack Lebron,Consumer,2023-07-18,2026-12-22,2023,8,1253,3.43,6,42,202.49,1214.96,-207.8,-17.1,26.67,353.92,5,3,2,532,Need Attention,Low Vol / Low Profit,9
JL-15175,James Lanier,Home Office,2023-12-31,2026-12-24,2023,6,1089,2.98,5,29,314.3,1571.52,209.28,13.32,21.43,526.73,5,2,2,522,New Customers,Low Vol / Low Profit,7
JL-15235,Janet Lee,Consumer,2023-05-25,2026-09-02,2023,119,1196,3.28,5,39,440.74,2203.7,54.52,2.47,22.0,672.53,2,2,3,223,Need Attention,Low Vol / Low Profit,6
JL-15505,Jeremy Lonsdale,Consumer,2023-11-14,2026-11-11,2023,49,1093,2.99,6,56,528.98,3173.87,591.72,18.64,7.06,1059.89,4,3,4,434,Potential Loyalists,High Vol / High Profit,4
JL-15835,John Lee,Consumer,2023-04-18,2026-12-09,2023,21,1331,3.65,11,143,890.9,9799.92,228.91,2.34,8.82,2687.43,5,5,5,555,Champions,High Vol / High Profit,1
JL-15850,John Lucas,Consumer,2023-07-22,2025-04-25,2023,614,643,1.76,6,38,454.21,2725.26,779.9,28.62,23.64,1547.0,1,3,3,133,At Risk,High Vol / High Profit,3
JM-15250,Janet Martin,Consumer,2025-03-29,2026-11-23,2025,37,604,1.65,6,91,526.52,3159.12,19.82,0.63,28.95,1909.07,4,3,4,434,Potential Loyalists,High Vol / Low Profit,2
JM-15265,Janet Molinari,Corporate,2023-08-25,2026-11-23,2023,37,1186,3.25,5,52,360.83,1804.15,502.61,27.86,13.85,555.24,4,2,3,423,Potential Loyalists,Low Vol / High Profit,7
JM-15535,Jessica Myrick,Consumer,2023-09-13,2026-09-19,2023,102,1102,3.02,9,54,230.01,2070.06,394.63,19.06,10.83,685.64,2,5,3,253,At Risk,Low Vol / High Profit,6
JM-15580,Jill Matthias,Consumer,2025-04-14,2026-12-30,2025,0,625,1.71,5,26,60.79,303.95,113.12,37.22,11.43,177.51,5,2,1,521,New Customers,Low Vol / Low Profit,10
JM-15655,Jim Mitchum,Corporate,2023-04-08,2026-12-22,2023,8,1354,3.71,5,41,172.99,864.95,117.2,13.55,15.83,233.17,5,2,1,521,New Customers,Low Vol / Low Profit,9
JM-15865,John Murray,Consumer,2023-11-19,2026-09-12,2023,109,1028,2.82,7,50,1089.3,7625.08,1574.62,20.65,18.46,2707.35,2,4,5,245,Cant Lose Them,High Vol / High Profit,1
JM-16195,Justin MacKendrick,Consumer,2023-04-30,2026-11-03,2023,57,1283,3.52,10,74,283.39,2833.93,754.11,26.61,6.32,806.22,3,5,4,354,Loyal Customers,High Vol / High Profit,6
JO-15145,Jack O'Briant,Corporate,2023-01-06,2026-11-03,2023,57,1397,3.83,9,59,361.66,3254.95,581.4,17.86,7.31,850.43,3,5,4,354,Loyal Customers,High Vol / High Profit,5
JO-15280,Jas O'Carroll,Consumer,2023-03-31,2026-09-29,2023,92,1278,3.5,6,36,322.38,1934.27,202.14,10.45,17.27,552.43,3,3,3,333,Need Attention,Low Vol / Low Profit,7
JO-15550,Jesus Ocampo,Home Office,2024-03-19,2026-05-29,2024,215,801,2.19,5,42,218.17,1090.84,167.67,15.37,23.64,497.07,2,2,2,222,Lost / Hibernating,Low Vol / Low Profit,8
JP-11135,James Peterman,Corporate,2023-11-24,2026-12-29,2023,1,1131,3.1,5,45,103.04,515.2,186.68,36.23,0.0,166.27,5,2,1,521,New Customers,Low Vol / Low Profit,10
JP-15460,Jennifer Patt,Corporate,2023-08-24,2026-11-23,2023,37,1187,3.25,7,54,238.45,1669.14,429.75,25.75,14.0,513.26,4,4,2,442,Need Attention,Low Vol / High Profit,7
JP-15520,Jeremy Pistek,Consumer,2023-08-22,2026-12-22,2023,8,1218,3.34,7,63,519.37,3635.59,757.18,20.83,5.94,1089.48,5,4,4,544,Champions,High Vol / High Profit,4
JP-16135,Julie Prescott,Home Office,2023-09-23,2026-09-19,2023,102,1092,2.99,9,47,189.75,1707.71,309.71,18.14,15.38,570.8,2,5,2,252,Need Attention,Low Vol / High Profit,7
JR-15670,Jim Radford,Consumer,2024-12-24,2025-05-16,2024,593,143,0.39,2,14,578.33,1156.66,-785.16,-67.88,30.0,2952.31,1,1,2,112,Lost / Hibernating,Low Vol / Low Profit,1
JR-15700,Jocasta Rupert,Consumer,2026-10-23,2026-10-23,2026,68,0,0.0,1,3,863.88,863.88,107.98,12.5,20.0,863.88,3,1,1,311,Need Attention,Low Vol / Low Profit,5
JR-16210,Justin Ritter,Corporate,2024-09-18,2026-11-27,2024,33,800,2.19,5,41,440.34,2201.69,452.37,20.55,22.0,1004.52,4,2,3,423,Potential Loyalists,Low Vol / High Profit,5
JS-13215,Jennifer Sheldon,Corporate,2025-09-26,2026-09-26,2025,95,365,1.0,2,2,9.99,19.98,8.99,45.0,0.0,19.98,3,1,1,311,Need Attention,Low Vol / Low Profit,10
JS-15595,Jill Stevenson,Corporate,2023-03-03,2026-09-02,2023,119,1279,3.5,4,35,354.41,1417.65,-175.55,-12.38,31.25,404.57,2,1,2,212,Lost / Hibernating,Low Vol / Low Profit,8
JS-15685,Jim Sink,Corporate,2025-06-14,2026-11-18,2025,42,522,1.43,4,42,282.77,1131.06,-54.87,-4.85,20.91,790.88,4,1,2,412,New Customers,Low Vol / Low Profit,6
JS-15880,John Stevenson,Consumer,2023-04-08,2025-07-14,2023,534,828,2.27,5,43,773.6,3868.02,564.98,14.61,14.67,1705.11,1,2,4,124,Need Attention,High Vol / High Profit,2
JS-15940,Joni Sundaresam,Home Office,2023-05-03,2025-09-23,2023,463,874,2.39,5,37,93.83,469.17,-327.93,-69.9,33.75,195.93,1,2,1,121,Lost / Hibernating,Low Vol / Low Profit,10
JS-16030,Joy Smith,Consumer,2023-02-27,2026-12-02,2023,28,1374,3.76,6,70,419.42,2516.49,-311.26,-12.37,18.33,668.5,4,3,3,433,Potential Loyalists,High Vol / Low Profit,7
JT-12540,Jill Trafton,Consumer,2025-03-19,2026-03-19,2025,286,365,1.0,2,2,72.29,144.59,-197.6,-136.67,70.0,144.59,1,1,1,111,Lost / Hibernating,Low Vol / Low Profit,10
JW-15220,Jane Waco,Corporate,2023-01-21,2026-11-18,2023,42,1397,3.83,10,154,884.64,8846.35,2530.51,28.61,2.94,2311.32,4,5,5,455,Champions,High Vol / High Profit,1
JW-15955,Joni Wasserman,Consumer,2024-08-16,2026-12-25,2024,5,861,2.36,7,41,177.73,1244.09,-29.58,-2.38,8.18,527.4,5,4,2,542,Need Attention,Low Vol / Low Profit,7
JW-16075,Julia West,Consumer,2024-03-21,2025-09-25,2024,461,553,1.52,4,38,357.18,1428.73,154.06,10.78,32.86,943.01,1,1,2,112,Lost / Hibernating,Low Vol / Low Profit,5
KA-16525,Kelly Andreada,Consumer,2023-03-11,2026-11-24,2023,36,1354,3.71,7,57,217.07,1519.51,234.92,15.46,5.45,409.62,4,4,2,442,Need Attention,Low Vol / High Profit,8
KB-16240,Karen Bern,Corporate,2023-03-31,2026-12-26,2023,4,1366,3.74,7,34,450.37,3152.62,763.91,24.23,15.0,842.39,5,4,4,544,Champions,High Vol / High Profit,6
KB-16315,Karl Braun,Consumer,2023-08-26,2026-03-09,2023,296,926,2.54,9,62,174.38,1569.46,49.72,3.17,19.55,618.63,1,5,2,152,Need Attention,Low Vol / Low Profit,7
KB-16405,Katrina Bavinger,Home Office,2024-11-20,2026-09-04,2024,117,653,1.79,3,25,302.94,908.82,274.3,30.18,4.44,507.99,2,1,1,211,Lost / Hibernating,Low Vol / High Profit,8
KB-16585,Ken Black,Corporate,2023-04-04,2026-05-14,2023,230,1136,3.11,12,102,228.73,2744.74,579.36,21.11,10.87,881.89,1,5,3,153,At Risk,High Vol / High Profit,5
KB-16600,Ken Brennan,Corporate,2023-12-30,2026-12-29,2023,1,1095,3.0,7,29,140.56,983.92,293.55,29.83,26.67,327.97,5,4,2,542,Need Attention,Low Vol / High Profit,9
KC-16255,Karen Carlisle,Corporate,2023-09-08,2025-11-18,2023,407,802,2.2,6,40,353.49,2120.95,846.12,39.89,2.0,965.27,1,3,3,133,At Risk,Low Vol / High Profit,5
KC-16540,Kelly Collister,Consumer,2024-11-02,2026-09-24,2024,97,691,1.89,4,28,977.07,3908.26,709.42,18.15,20.0,2064.42,3,1,4,314,Need Attention,High Vol / High Profit,2
KC-16675,Kimberly Carter,Corporate,2023-12-13,2026-11-03,2023,57,1056,2.89,4,40,286.51,1146.05,156.78,13.68,8.57,396.13,3,1,2,312,Need Attention,Low Vol / Low Profit,8
KD-16270,Karen Daniels,Consumer,2023-11-11,2025-09-02,2023,484,661,1.81,5,64,1656.47,8282.36,1107.7,13.37,18.75,4573.47,1,2,5,125,Need Attention,High Vol / High Profit,1
KD-16345,Katherine Ducich,Consumer,2023-09-02,2026-11-19,2023,41,1174,3.22,6,36,314.83,1888.96,328.59,17.4,13.0,587.28,4,3,3,433,Potential Loyalists,Low Vol / High Profit,7
KD-16495,Keith Dawkins,Corporate,2023-09-28,2026-09-09,2023,112,1077,2.95,12,84,681.77,8181.26,3038.63,37.14,8.75,2772.66,2,5,5,255,Cant Lose Them,High Vol / High Profit,1
KD-16615,Ken Dana,Corporate,2024-09-13,2026-03-16,2024,289,549,1.5,5,56,448.7,2243.51,539.72,24.06,10.77,1491.59,1,2,3,123,Need Attention,High Vol / High Profit,3
KE-16420,Katrina Edelman,Corporate,2023-04-03,2026-12-04,2023,26,1341,3.67,8,67,210.84,1686.73,397.88,23.59,21.47,459.1,5,4,2,542,Need Attention,Low Vol / High Profit,8
KF-16285,Karen Ferguson,Home Office,2023-09-26,2026-09-24,2023,97,1094,3.0,7,67,1514.9,10604.27,1660.14,15.66,3.33,3537.99,3,4,5,345,Loyal Customers,High Vol / High Profit,1
KH-16330,Katharine Harms,Corporate,2023-04-01,2026-11-20,2023,40,1329,3.64,8,70,414.11,3312.86,454.79,13.73,13.89,909.85,4,4,4,444,Champions,High Vol / High Profit,5
KH-16360,Katherine Hughes,Consumer,2023-04-29,2026-12-29,2023,1,1340,3.67,6,40,516.77,3100.61,528.21,17.04,15.0,844.57,5,3,4,534,Potential Loyalists,High Vol / High Profit,6
KH-16510,Keith Herrera,Consumer,2023-08-15,2026-12-08,2023,22,1211,3.32,7,91,850.41,5952.86,656.12,11.02,10.87,1794.21,5,4,5,545,Champions,High Vol / High Profit,2
KH-16630,Ken Heidel,Corporate,2023-11-01,2026-11-02,2023,58,1097,3.01,9,84,435.44,3918.97,727.38,18.56,10.59,1303.94,3,5,4,354,Loyal Customers,High Vol / High Profit,3
KH-16690,Kristen Hastings,Corporate,2023-03-21,2026-12-28,2023,2,1378,3.78,7,69,855.83,5990.8,1227.51,20.49,12.67,1586.82,5,4,5,545,Champions,High Vol / High Profit,3
KL-16555,Kelly Lampkin,Corporate,2023-06-15,2026-12-14,2023,16,1278,3.5,8,84,627.06,5016.49,-182.78,-3.64,29.55,1432.72,5,4,5,545,Champions,High Vol / Low Profit,3
KL-16645,Ken Lonsdale,Consumer,2023-07-25,2026-11-13,2023,47,1207,3.31,12,113,1181.27,14175.23,806.85,5.69,20.0,4286.63,4,5,5,455,Champions,High Vol / High Profit,1
KM-16225,Kalyca Meade,Corporate,2024-07-06,2026-12-16,2024,14,893,2.45,6,72,376.83,2260.96,635.11,28.09,2.11,924.13,5,3,3,533,Potential Loyalists,High Vol / High Profit,5
KM-16375,Katherine Murray,Home Office,2023-07-20,2026-11-04,2023,56,1203,3.3,8,69,702.52,5620.19,973.79,17.33,14.0,1705.21,3,4,5,345,Loyal Customers,High Vol / High Profit,2
KM-16660,Khloe Miller,Consumer,2023-12-22,2026-12-15,2023,15,1089,2.98,5,30,90.71,453.54,91.14,20.1,4.44,152.01,5,2,1,521,New Customers,Low Vol / Low Profit,10
KM-16720,Kunst Miller,Consumer,2023-03-30,2026-12-02,2023,28,1343,3.68,8,98,613.68,4909.47,745.77,15.19,8.93,1334.29,4,4,5,445,Champions,High Vol / High Profit,3
KN-16390,Katherine Nockton,Corporate,2023-12-02,2026-12-11,2023,19,1105,3.03,9,56,290.81,2617.27,-151.15,-5.78,21.76,864.53,5,5,3,553,Loyal Customers,High Vol / Low Profit,5
KN-16450,Kean Nguyen,Corporate,2023-04-12,2026-11-08,2023,52,1306,3.58,5,49,434.39,2171.96,114.31,5.26,28.12,607.02,3,2,3,323,Need Attention,Low Vol / Low Profit,7
KN-16705,Kristina Nunn,Home Office,2023-03-02,2026-09-23,2023,98,1301,3.56,8,55,285.07,2280.58,329.76,14.46,12.0,639.82,3,4,3,343,Loyal Customers,High Vol / High Profit,7
KS-16300,Karen Seio,Corporate,2024-01-13,2026-03-10,2024,295,787,2.16,3,10,29.49,88.47,0.11,0.13,27.5,41.03,1,1,1,111,Lost / Hibernating,Low Vol / Low Profit,10
KT-16465,Kean Takahito,Consumer,2023-09-08,2025-12-04,2023,391,818,2.24,7,45,436.73,3057.1,254.0,8.31,22.86,1364.11,1,4,4,144,Cant Lose Them,High Vol / High Profit,3
KT-16480,Kean Thornton,Consumer,2023-03-10,2026-09-21,2023,100,1291,3.54,10,37,464.21,4642.09,194.07,4.18,14.77,1312.44,3,5,5,355,Loyal Customers,High Vol / Low Profit,3
KW-16435,Katrina Willman,Consumer,2024-08-24,2026-09-25,2024,96,762,2.09,5,42,883.3,4416.52,1756.13,39.76,11.0,2115.52,3,2,5,325,Need Attention,High Vol / High Profit,2
KW-16570,Kelly Williams,Consumer,2023-09-30,2024-11-20,2023,770,417,1.14,4,22,112.27,449.1,107.93,24.03,4.0,393.09,1,1,1,111,Lost / Hibernating,Low Vol / Low Profit,8
LA-16780,Laura Armstrong,Corporate,2023-04-29,2026-07-29,2023,154,1187,3.25,11,105,788.47,8673.22,2059.12,23.74,11.54,2667.0,2,5,5,255,Cant Lose Them,High Vol / High Profit,1
LB-16735,Larry Blacks,Consumer,2025-07-25,2026-11-12,2025,48,475,1.3,3,12,16.73,50.19,18.65,37.16,26.67,38.57,4,1,1,411,New Customers,Low Vol / Low Profit,10
LB-16795,Laurel Beltran,Home Office,2023-04-23,2026-07-31,2023,152,1195,3.27,8,76,623.21,4985.68,-52.19,-1.05,23.75,1522.82,2,4,5,245,Cant Lose Them,High Vol / Low Profit,3
LC-16870,Lena Cacioppo,Consumer,2024-05-03,2026-12-03,2024,27,944,2.59,8,113,322.59,2580.7,-188.25,-7.29,24.0,997.84,4,4,3,443,Loyal Customers,High Vol / Low Profit,5
LC-16885,Lena Creighton,Consumer,2023-04-25,2026-12-14,2023,16,1329,3.64,12,93,638.59,7663.13,1288.35,16.81,15.65,2104.62,5,5,5,555,Champions,High Vol / High Profit,2
LC-16930,Linda Cazamias,Corporate,2023-02-20,2026-11-19,2023,41,1368,3.75,8,52,561.62,4492.95,288.27,6.42,17.14,1198.78,4,4,5,445,Champions,High Vol / High Profit,4
LC-16960,Lindsay Castell,Home Office,2024-02-23,2025-10-20,2024,436,605,1.66,4,30,811.66,3246.63,299.48,9.22,28.57,1958.71,1,1,4,114,Need Attention,High Vol / High Profit,2
LC-17050,Liz Carlisle,Consumer,2023-01-31,2026-11-06,2023,54,1375,3.77,5,43,419.01,2095.06,86.78,4.14,27.22,556.14,3,2,3,323,Need Attention,Low Vol / Low Profit,7
LC-17140,Logan Currie,Consumer,2023-09-09,2026-12-17,2023,13,1195,3.27,9,62,292.62,2633.58,231.13,8.78,18.42,804.4,5,5,3,553,Loyal Customers,High Vol / High Profit,6
LD-16855,Lela Donovan,Corporate,2025-06-26,2025-06-26,2025,552,0,0.0,1,3,5.3,5.3,0.46,8.75,20.0,5.3,1,1,1,111,Lost / Hibernating,Low Vol / Low Profit,10
LD-17005,Lisa DeCherney,Consumer,2023-09-29,2025-11-11,2023,414,774,2.12,4,25,490.48,1961.93,557.17,28.4,2.86,925.2,1,1,3,113,Need Attention,Low Vol / High Profit,5
LE-16810,Laurel Elliston,Consumer,2023-05-27,2026-12-09,2023,21,1292,3.54,6,32,244.91,1469.45,161.76,11.01,25.56,415.13,5,3,2,532,Need Attention,Low Vol / Low Profit,8
LF-17185,Luke Foster,Consumer,2023-07-26,2026-12-08,2023,22,1231,3.37,7,69,561.5,3930.51,-3583.98,-91.18,31.88,1165.42,5,4,4,544,Champions,High Vol / Low Profit,4
LH-16750,Larry Hughes,Consumer,2023-09-21,2026-08-01,2023,151,1045,2.86,3,12,95.81,287.43,12.63,4.39,36.67,100.39,2,1,1,211,Lost / Hibernating,Low Vol / Low Profit,10
LH-16900,Lena Hernandez,Consumer,2023-08-19,2026-12-09,2023,21,1208,3.31,9,64,255.04,2295.33,526.07,22.92,12.67,693.54,5,5,3,553,Loyal Customers,High Vol / High Profit,6
LH-17020,Lisa Hazard,Consumer,2023-09-08,2026-05-05,2023,239,970,2.66,4,34,79.56,318.24,-242.74,-76.28,46.67,119.75,1,1,1,111,Lost / Hibernating,Low Vol / Low Profit,10
LH-17155,Logan Haushalter,Consumer,2023-12-12,2025-12-10,2023,385,729,2.0,9,44,193.3,1739.69,316.52,18.19,7.89,871.04,1,5,3,153,At Risk,Low Vol / High Profit,5
LL-16840,Lauren Leatherbury,Consumer,2023-04-29,2026-04-25,2023,249,1092,2.99,6,50,456.87,2741.2,560.01,20.43,1.67,916.24,1,3,3,133,At Risk,High Vol / High Profit,5
LM-17065,Liz MacKendrick,Consumer,2023-06-27,2025-12-04,2023,391,891,2.44,5,32,269.35,1346.77,-44.88,-3.33,5.71,551.71,1,2,2,122,Lost / Hibernating,Low Vol / Low Profit,7
LO-17170,Lori Olson,Corporate,2024-02-06,2026-12-28,2024,2,1056,2.89,5,34,128.87,644.35,150.17,23.31,25.56,222.72,5,2,1,521,New Customers,Low Vol / Low Profit,9
LP-17080,Liz Pelletier,Consumer,2023-06-24,2026-11-20,2023,40,1245,3.41,4,39,189.15,756.61,110.78,14.64,11.11,221.82,4,2,1,421,New Customers,Low Vol / Low Profit,9
LP-17095,Liz Preis,Consumer,2025-06-06,2026-12-21,2025,9,563,1.54,7,52,521.91,3653.4,338.45,9.26,18.67,2368.54,5,4,4,544,Champions,High Vol / High Profit,1
LR-16915,Lena Radford,Consumer,2023-08-08,2026-12-04,2023,26,1214,3.33,6,64,857.15,5142.89,535.48,10.41,17.5,1546.26,5,3,5,535,Potential Loyalists,High Vol / High Profit,3
LR-17035,Lisa Ryan,Corporate,2023-09-07,2026-08-20,2023,132,1078,2.95,5,44,375.86,1879.31,-382.81,-20.37,27.5,636.31,2,2,3,223,Need Attention,Low Vol / Low Profit,7
LS-16945,Linda Southworth,Corporate,2024-04-25,2026-07-05,2024,178,801,2.19,6,51,474.21,2845.27,-318.77,-11.2,30.71,1296.53,2,3,4,234,At Risk,High Vol / Low Profit,3
LS-16975,Lindsay Shagiari,Home Office,2023-10-20,2026-12-10,2023,20,1147,3.14,9,63,332.07,2988.67,262.64,8.79,28.18,951.06,5,5,4,554,Champions,High Vol / High Profit,5
LS-17200,Luke Schmidt,Corporate,2023-10-18,2026-09-25,2023,96,1073,2.94,6,54,168.38,1010.26,244.2,24.17,20.0,343.66,3,3,2,332,Need Attention,Low Vol / High Profit,9
LS-17230,Lycoris Saunders,Consumer,2023-01-06,2024-11-14,2023,776,678,1.86,3,16,122.96,368.88,39.2,10.63,11.67,198.59,1,1,1,111,Lost / Hibernating,Low Vol / Low Profit,10
LS-17245,Lynn Smith,Consumer,2023-10-16,2026-11-26,2023,34,1137,3.12,6,47,168.02,1008.14,348.36,34.55,8.33,323.63,4,3,2,432,Need Attention,Low Vol / High Profit,9
LT-16765,Larry Tron,Consumer,2023-09-01,2026-12-04,2023,26,1190,3.26,3,8,109.96,329.88,59.04,17.9,13.33,101.18,5,1,1,511,New Customers,Low Vol / Low Profit,10
LT-17110,Liz Thompson,Consumer,2023-06-01,2026-11-26,2023,34,1274,3.49,8,63,367.03,2936.25,320.97,10.93,24.64,841.23,4,4,4,444,Champions,High Vol / High Profit,6
LW-16825,Laurel Workman,Corporate,2023-05-30,2026-10-03,2023,88,1222,3.35,5,50,447.61,2238.06,32.58,1.46,20.67,668.49,3,2,3,323,Need Attention,Low Vol / Low Profit,7
LW-16990,Lindsay Williams,Corporate,2025-05-05,2026-11-27,2025,33,571,1.56,6,38,538.38,3230.31,662.83,20.52,10.91,2064.91,4,3,4,434,Potential Loyalists,High Vol / High Profit,2
LW-17125,Liz Willingham,Consumer,2023-09-11,2026-06-08,2023,205,1001,2.74,3,15,419.68,1259.04,192.63,15.3,0.0,459.09,2,1,2,212,Lost / Hibernating,Low Vol / Low Profit,8
LW-17215,Luke Weiss,Consumer,2023-09-12,2026-12-09,2023,21,1184,3.24,7,59,774.36,5420.51,837.24,15.45,16.67,1671.02,5,4,5,545,Champions,High Vol / High Profit,2
MA-17560,Matt Abelman,Home Office,2023-08-08,2026-10-27,2023,64,1176,3.22,11,117,390.83,4299.16,1240.23,28.85,9.41,1334.35,3,5,4,354,Loyal Customers,High Vol / High Profit,3
MA-17995,Michelle Arnett,Home Office,2023-09-20,2026-06-27,2023,186,1011,2.77,6,42,408.88,2453.28,280.78,11.45,4.17,885.71,2,3,3,233,At Risk,High Vol / High Profit,5
MB-17305,Maria Bertelson,Consumer,2023-08-08,2026-11-12,2023,48,1192,3.27,10,63,154.87,1548.7,212.42,13.72,17.37,474.23,4,5,2,452,Need Attention,Low Vol / Low Profit,8
MB-18085,Mick Brown,Consumer,2023-01-05,2026-11-16,2023,44,1411,3.87,7,39,204.03,1428.23,117.81,8.25,20.0,369.46,4,4,2,442,Need Attention,Low Vol / Low Profit,8
MC-17275,Marc Crier,Consumer,2023-09-08,2026-10-15,2023,76,1133,3.1,8,54,340.75,2725.98,461.0,16.91,13.08,878.18,3,4,3,343,Loyal Customers,High Vol / High Profit,5
MC-17425,Mark Cousins,Corporate,2023-05-30,2025-11-26,2023,399,911,2.5,5,48,886.43,4432.14,1802.39,40.67,12.0,1775.77,1,2,5,125,Need Attention,High Vol / High Profit,2
MC-17575,Matt Collins,Consumer,2023-12-02,2026-12-03,2023,27,1097,3.01,8,40,162.99,1303.89,210.75,16.16,29.09,433.84,4,4,2,442,Need Attention,Low Vol / Low Profit,8
MC-17590,Matt Collister,Corporate,2023-05-20,2026-11-09,2023,51,1269,3.48,6,47,404.34,2426.07,288.98,11.91,17.06,697.8,4,3,3,433,Potential Loyalists,High Vol / High Profit,6
MC-17605,Matt Connell,Corporate,2023-03-19,2026-09-09,2023,112,1270,3.48,8,60,282.27,2258.19,195.45,8.66,22.22,649.01,2,4,3,243,At Risk,High Vol / Low Profit,7
MC-17635,Matthew Clasen,Corporate,2023-11-28,2026-06-24,2023,189,939,2.57,4,33,198.79,795.15,-247.94,-31.18,17.5,309.09,2,2,1,221,Lost / Hibernating,Low Vol / Low Profit,9
MC-17845,Michael Chen,Consumer,2023-07-05,2026-12-29,2023,1,1273,3.49,7,45,543.67,3805.71,698.42,18.35,10.0,1091.19,5,4,4,544,Champions,High Vol / High Profit,4
MC-18100,Mick Crebagga,Consumer,2023-06-18,2026-11-19,2023,41,1250,3.42,10,73,221.9,2218.98,-64.17,-2.89,26.84,647.94,4,5,3,453,Loyal Customers,Low Vol / Low Profit,7
MC-18130,Mike Caudle,Corporate,2023-09-19,2025-12-26,2023,369,829,2.27,5,34,316.4,1582.0,121.76,7.7,5.45,696.54,1,2,2,122,Lost / Hibernating,Low Vol / Low Profit,6
MD-17350,Maribeth Dona,Consumer,2023-11-05,2026-09-04,2023,117,1034,2.83,7,64,538.05,3766.38,-241.95,-6.42,32.94,1329.53,2,4,4,244,Cant Lose Them,High Vol / Low Profit,3
MD-17860,Michael Dominguez,Corporate,2023-12-02,2026-11-24,2023,36,1088,2.98,5,45,240.98,1204.91,-4.04,-0.34,28.75,404.22,4,2,2,422,New Customers,Low Vol / Low Profit,8
ME-17320,Maria Etezadi,Home Office,2023-01-06,2026-11-18,2023,42,1412,3.87,10,82,1066.37,10663.73,1859.47,17.44,13.18,2756.56,4,5,5,455,Champions,High Vol / High Profit,1
ME-17725,Max Engle,Consumer,2023-07-12,2026-12-02,2023,28,1239,3.39,8,46,238.56,1908.45,77.81,4.08,22.46,562.22,4,4,3,443,Loyal Customers,Low Vol / Low Profit,7
ME-18010,Michelle Ellison,Corporate,2023-07-21,2026-09-29,2023,92,1166,3.19,4,15,314.24,1256.94,107.36,8.54,16.67,393.47,3,2,2,322,Need Attention,Low Vol / Low Profit,8
MF-17665,Maureen Fritzler,Corporate,2023-12-30,2025-11-04,2023,421,675,1.85,5,36,187.41,937.04,-341.53,-36.45,13.75,506.7,1,2,2,122,Lost / Hibernating,Low Vol / Low Profit,8
MF-18250,Monica Federle,Corporate,2023-09-15,2026-12-23,2023,7,1195,3.27,5,38,351.66,1758.3,456.86,25.98,6.67,537.05,5,2,3,523,Potential Loyalists,Low Vol / High Profit,7
MG-17650,Matthew Grinstein,Home Office,2023-08-09,2026-12-01,2023,29,1210,3.32,7,57,540.75,3785.28,341.9,9.03,12.86,1141.84,4,4,4,444,Champions,High Vol / High Profit,4
MG-17680,Maureen Gastineau,Home Office,2023-10-22,2026-09-29,2023,92,1073,2.94,4,25,587.55,2350.19,25.89,1.1,22.5,799.46,3,2,3,323,Need Attention,High Vol / Low Profit,6
MG-17695,Maureen Gnade,Consumer,2023-12-26,2025-06-23,2023,555,545,1.49,3,23,447.43,1342.28,-398.79,-29.71,25.71,898.96,1,1,2,112,Lost / Hibernating,Low Vol / Low Profit,5
MG-17875,Michael Grace,Home Office,2023-02-23,2026-09-05,2023,116,1290,3.53,5,23,248.57,1242.83,-470.77,-37.88,24.29,351.65,2,2,2,222,Lost / Hibernating,Low Vol / Low Profit,9
MG-17890,Michael Granlund,Home Office,2023-12-29,2026-09-22,2023,99,998,2.73,9,35,86.26,776.38,171.74,22.12,11.92,283.95,3,5,1,351,Need Attention,Low Vol / Low Profit,9
MG-18145,Mike Gockenbach,Consumer,2023-03-29,2026-10-07,2023,84,1288,3.53,4,42,765.39,3061.54,-93.6,-3.06,18.75,867.6,3,2,4,324,Need Attention,High Vol / Low Profit,5
MG-18205,Mitch Gastineau,Corporate,2026-04-10,2026-04-10,2026,264,0,0.0,1,8,16.74,16.74,-1.25,-7.44,45.0,16.74,1,1,1,111,Lost / Hibernating,Low Vol / Low Profit,10
MH-17290,Marc Harrigan,Home Office,2023-04-26,2026-09-02,2023,119,1225,3.36,6,55,399.0,2394.02,28.76,1.2,18.85,713.32,2,3,3,233,At Risk,High Vol / Low Profit,6
MH-17440,Mark Haberlin,Corporate,2023-02-04,2025-12-19,2023,376,1049,2.87,4,25,100.0,400.02,61.43,15.36,7.78,139.19,1,2,1,121,Lost / Hibernating,Low Vol / Low Profit,10
MH-17455,Mark Hamilton,Consumer,2023-07-11,2026-10-06,2023,85,1183,3.24,8,45,307.02,2456.18,484.77,19.74,16.36,757.82,3,4,3,343,Loyal Customers,High Vol / High Profit,6
MH-17620,Matt Hagelstein,Corporate,2024-12-05,2026-07-28,2024,155,600,1.64,4,19,313.2,1252.8,122.36,9.77,23.33,762.12,2,2,2,222,Lost / Hibernating,Low Vol / Low Profit,6
MH-17785,Maya Herman,Corporate,2023-05-27,2026-09-23,2023,98,1215,3.33,7,42,314.83,2203.78,238.56,10.83,7.27,662.04,3,4,3,343,Loyal Customers,Low Vol / High Profit,7
MH-18025,Michelle Huthwaite,Consumer,2023-07-08,2026-11-11,2023,49,1222,3.35,5,31,596.99,2984.95,476.9,15.98,13.0,891.58,4,2,4,424,Potential Loyalists,High Vol / High Profit,5
MH-18115,Mick Hernandez,Home Office,2025-08-23,2026-12-25,2025,5,489,1.34,9,79,611.45,5503.09,170.97,3.11,16.82,4107.63,5,5,5,555,Champions,High Vol / Low Profit,1
MJ-17740,Max Jones,Consumer,2024-06-09,2026-12-08,2024,22,912,2.5,7,50,902.96,6320.75,1054.55,16.68,21.33,2529.68,5,4,5,545,Champions,High Vol / High Profit,1
MK-17905,Michael Kennedy,Corporate,2023-11-18,2026-12-02,2023,28,1110,3.04,8,73,287.8,2302.37,-405.36,-17.61,30.0,757.08,4,4,3,443,Loyal Customers,High Vol / Low Profit,6
MK-18160,Mike Kennedy,Consumer,2023-12-19,2026-05-04,2023,240,867,2.38,4,43,257.9,1031.6,227.83,22.09,8.18,434.3,1,2,2,122,Lost / Hibernating,Low Vol / High Profit,8
MK-19560,Michael Knudson,Corporate,2023-12-02,2026-12-02,2023,28,1096,3.0,7,48,32.24,225.7,-74.14,-32.85,40.0,75.16,4,4,1,441,Need Attention,Low Vol / Low Profit,10
ML-17395,Marina Lichtenstein,Corporate,2023-02-14,2026-10-22,2023,69,1346,3.69,9,72,302.54,2722.84,684.92,25.15,17.25,738.36,3,5,3,353,Loyal Customers,High Vol / High Profit,6
ML-17410,Maris LaWare,Consumer,2023-11-14,2026-11-06,2023,54,1088,2.98,6,51,486.92,2921.5,-76.18,-2.61,16.67,980.1,3,3,4,334,Need Attention,High Vol / Low Profit,5
ML-17755,Max Ludwig,Home Office,2025-08-04,2026-12-01,2025,29,484,1.33,7,53,295.99,2071.91,409.51,19.76,10.77,1562.5,4,4,3,443,Loyal Customers,Low Vol / High Profit,3
ML-18040,Michelle Lonsdale,Corporate,2026-03-26,2026-10-12,2026,79,200,0.55,3,18,247.36,742.08,138.72,18.69,25.0,1354.3,3,1,1,311,Need Attention,Low Vol / Low Profit,3
ML-18265,Muhammed Lee,Consumer,2024-05-31,2026-09-21,2024,100,843,2.31,2,7,81.12,162.23,42.66,26.3,6.67,70.24,3,1,1,311,Need Attention,Low Vol / Low Profit,10
MM-17260,Magdelene Morse,Consumer,2023-05-28,2026-07-15,2023,168,1144,3.13,4,17,328.51,1314.02,178.4,13.58,13.33,419.25,2,2,2,222,Lost / Hibernating,Low Vol / Low Profit,8
MM-17920,Michael Moore,Consumer,2023-01-13,2026-12-23,2023,7,1440,3.95,11,68,344.92,3794.08,82.12,2.16,18.12,961.69,5,5,4,554,Champions,High Vol / Low Profit,5
MM-18055,Michelle Moray,Consumer,2023-04-11,2026-10-30,2023,61,1298,3.56,8,73,343.74,2749.88,-520.34,-18.92,21.05,773.27,3,4,4,344,Loyal Customers,High Vol / Low Profit,6
MM-18280,Muhammed MacIntyre,Corporate,2023-01-20,2026-10-06,2023,85,1355,3.71,9,32,86.16,775.41,58.89,7.59,14.17,208.88,3,5,1,351,Need Attention,Low Vol / Low Profit,10
MN-17935,Michael Nguyen,Consumer,2023-02-16,2026-11-26,2023,34,1379,3.78,6,36,412.99,2477.95,290.82,11.74,26.0,655.87,4,3,3,433,Potential Loyalists,High Vol / High Profit,7
MO-17500,Mary O'Rourke,Consumer,2023-11-28,2026-10-19,2023,72,1056,2.89,4,15,230.62,922.49,59.36,6.43,22.0,318.85,3,2,1,321,Need Attention,Low Vol / Low Profit,9
MO-17800,Meg O'Connel,Home Office,2024-09-17,2026-09-17,2024,104,730,2.0,8,49,210.88,1687.03,169.34,10.04,16.36,843.51,2,4,2,242,Need Attention,Low Vol / Low Profit,6
MO-17950,Michael Oakman,Consumer,2024-04-02,2026-07-03,2024,180,822,2.25,2,14,77.14,154.29,-82.01,-53.15,35.0,68.51,2,1,1,211,Lost / Hibernating,Low Vol / Low Profit,10
MP-17470,Mark Packer,Home Office,2023-03-30,2025-01-11,2023,718,653,1.79,7,77,458.02,3206.13,600.29,18.72,12.14,1792.1,1,4,4,144,Cant Lose Them,High Vol / High Profit,2
MP-17965,Michael Paige,Corporate,2023-10-19,2026-10-19,2023,72,1096,3.0,11,74,381.71,4198.83,666.49,15.87,23.75,1398.33,3,5,4,354,Loyal Customers,High Vol / High Profit,3
MP-18175,Mike Pelletier,Home Office,2023-03-28,2026-12-14,2023,16,1357,3.72,9,78,565.32,5087.92,226.45,4.45,15.53,1368.53,5,5,5,555,Champions,High Vol / Low Profit,3
MR-17545,Mathew Reese,Home Office,2023-09-03,2026-08-27,2023,125,1089,2.98,4,29,159.79,639.18,162.94,25.49,20.0,214.23,2,2,1,221,Lost / Hibernating,Low Vol / Low Profit,9
MS-17365,Maribeth Schnelling,Consumer,2023-09-09,2026-04-01,2023,273,935,2.56,10,105,744.37,7443.69,844.94,11.35,16.04,2905.83,1,5,5,155,Cant Lose Them,High Vol / High Profit,1
MS-17530,MaryBeth Skach,Consumer,2023-11-04,2025-10-22,2023,434,718,1.97,4,21,118.91,475.66,84.03,17.67,15.71,241.8,1,2,1,121,Lost / Hibernating,Low Vol / Low Profit,9
MS-17710,Maurice Satty,Consumer,2023-03-24,2025-11-12,2023,413,964,2.64,6,48,268.9,1613.4,247.43,15.34,22.0,610.88,1,3,2,132,Need Attention,Low Vol / High Profit,7
MS-17770,Maxwell Schwartz,Consumer,2023-07-04,2026-08-31,2023,121,1154,3.16,9,73,349.41,3144.68,280.86,8.93,10.0,994.63,2,5,4,254,Cant Lose Them,High Vol / High Profit,5
MS-17830,Melanie Seite,Consumer,2023-01-09,2025-10-04,2023,452,999,2.74,4,14,92.59,370.35,19.43,5.25,18.0,135.31,1,2,1,121,Lost / Hibernating,Low Vol / Low Profit,10
MS-17980,Michael Stewart,Corporate,2023-06-30,2026-12-04,2023,26,1253,3.43,6,49,142.52,855.12,55.23,6.46,17.27,249.1,5,3,1,531,Need Attention,Low Vol / Low Profit,9
MT-17815,Meg Tillman,Consumer,2024-11-06,2026-11-11,2024,49,735,2.01,6,31,481.69,2890.14,509.01,17.61,13.0,1435.24,4,3,4,434,Potential Loyalists,High Vol / High Profit,3
MT-18070,Michelle Tran,Home Office,2023-09-25,2026-06-10,2023,203,989,2.71,4,44,329.86,1319.45,-23.68,-1.79,24.27,486.96,2,2,2,222,Lost / Hibernating,Low Vol / Low Profit,8
MV-17485,Mark Van Huff,Consumer,2023-01-20,2026-12-03,2023,27,1413,3.87,9,52,173.34,1560.05,189.03,12.12,24.0,402.99,4,5,2,452,Need Attention,Low Vol / Low Profit,8
MV-18190,Mike Vittorini,Consumer,2023-01-30,2026-12-11,2023,19,1411,3.87,7,37,247.8,1734.57,273.86,15.79,8.64,448.7,5,4,2,542,Need Attention,Low Vol / High Profit,8
MW-18220,Mitch Webber,Consumer,2023-08-25,2026-12-13,2023,17,1206,3.3,7,51,763.13,5341.9,1238.42,23.18,7.86,1616.74,5,4,5,545,Champions,High Vol / High Profit,2
MW-18235,Mitch Willingham,Corporate,2023-05-21,2026-11-16,2023,44,1275,3.49,2,13,2626.94,5253.88,1665.52,31.7,6.67,1504.05,4,1,5,415,Need Attention,High Vol / High Profit,3
MY-17380,Maribeth Yedwab,Corporate,2024-10-26,2026-12-01,2024,29,766,2.1,7,49,322.04,2254.28,319.12,14.16,30.77,1074.17,4,4,3,443,Loyal Customers,High Vol / High Profit,4
MY-18295,Muhammed Yedwab,Corporate,2023-04-28,2026-10-20,2023,71,1271,3.48,11,89,377.52,4152.7,-371.71,-8.95,24.38,1192.55,3,5,4,354,Loyal Customers,High Vol / Low Profit,4
MZ-17335,Maria Zettner,Home Office,2024-11-08,2026-11-30,2024,30,752,2.06,4,11,148.4,593.61,85.02,14.32,6.67,288.12,4,2,1,421,New Customers,Low Vol / Low Profit,9
MZ-17515,Mary Zewe,Corporate,2023-04-04,2026-03-23,2023,282,1084,2.97,6,39,427.48,2564.91,787.75,30.71,28.0,863.64,1,3,3,133,At Risk,High Vol / High Profit,5
NB-18580,Nicole Brennan,Corporate,2023-09-26,2023-10-22,2023,1165,26,0.07,2,7,136.94,273.87,24.79,9.05,10.0,273.87,1,1,1,111,Lost / Hibernating,Low Vol / Low Profit,9
NB-18655,Nona Balk,Corporate,2023-12-05,2026-12-11,2023,19,1102,3.02,9,64,219.18,1972.6,117.64,5.96,17.35,653.36,5,5,3,553,Loyal Customers,Low Vol / Low Profit,7
NC-18340,Nat Carroll,Consumer,2023-03-30,2026-05-20,2023,224,1147,3.14,5,54,492.28,2461.4,580.31,23.58,4.12,783.27,2,2,3,223,Need Attention,High Vol / High Profit,6
NC-18415,Nathan Cano,Consumer,2023-05-03,2026-11-19,2023,41,1296,3.55,6,38,369.83,2218.99,-2204.81,-99.36,26.43,624.95,4,3,3,433,Potential Loyalists,Low Vol / Low Profit,7
NC-18535,Nick Crebassa,Corporate,2023-07-23,2026-12-24,2023,6,1250,3.42,7,64,1177.39,8241.74,1314.76,15.95,13.67,2406.59,5,4,5,545,Champions,High Vol / High Profit,1
NC-18625,Noah Childs,Corporate,2023-10-29,2026-06-09,2023,204,954,2.61,5,29,364.35,1821.74,-359.02,-19.71,24.44,697.0,2,2,3,223,Need Attention,Low Vol / Low Profit,6
NC-19470,Neil Cohen,Home Office,2023-06-18,2026-12-02,2023,28,1263,3.46,6,26,63.69,382.14,-52.74,-13.8,46.67,110.44,4,3,1,431,Need Attention,Low Vol / Low Profit,10
ND-18370,Natalie DeCherney,Consumer,2023-01-13,2026-12-03,2023,27,1420,3.89,9,63,480.68,4326.14,353.65,8.17,21.11,1112.0,4,5,5,455,Champions,High Vol / High Profit,4
ND-18460,Neil Ducich,Corporate,2023-02-06,2026-06-30,2023,183,1240,3.4,6,36,482.24,2893.46,443.34,15.32,8.75,851.7,2,3,4,234,At Risk,High Vol / High Profit,5
NF-18385,Natalie Fritzler,Consumer,2023-02-11,2026-10-12,2023,79,1339,3.67,7,52,1188.98,8322.83,-1695.97,-20.38,25.0,2268.73,3,4,5,345,Loyal Customers,High Vol / Low Profit,1
NF-18475,Neil Französisch,Home Office,2023-03-14,2025-07-23,2023,525,862,2.36,4,13,94.29,377.16,85.93,22.78,25.0,159.7,1,2,1,121,Lost / Hibernating,Low Vol / Low Profit,10
NF-18595,Nicole Fjeld,Home Office,2023-03-13,2026-09-07,2023,114,1274,3.49,11,103,636.64,7003.07,1167.1,16.67,11.0,2006.37,2,5,5,255,Cant Lose Them,High Vol / High Profit,2
NG-18355,Nat Gilpin,Corporate,2023-11-24,2026-11-12,2023,48,1084,2.97,5,45,373.92,1869.58,313.63,16.78,8.75,629.52,4,2,3,423,Potential Loyalists,Low Vol / High Profit,7
NG-18430,Nathan Gelder,Consumer,2023-11-24,2026-11-12,2023,48,1084,2.97,5,41,279.19,1395.94,217.09,15.55,11.11,470.03,4,2,2,422,New Customers,Low Vol / Low Profit,8
NH-18610,Nicole Hansen,Corporate,2023-03-02,2026-06-24,2023,189,1210,3.32,7,52,381.9,2673.29,760.17,28.44,5.45,806.41,2,4,3,243,At Risk,High Vol / High Profit,6
NK-18490,Neil Knudson,Home Office,2024-05-28,2026-10-21,2024,70,876,2.4,7,51,81.72,572.05,121.22,21.19,12.73,238.35,3,4,1,341,Need Attention,Low Vol / Low Profit,9
NL-18310,Nancy Lomonaco,Home Office,2023-10-31,2026-11-02,2023,58,1098,3.01,4,44,354.52,1418.09,343.64,24.23,6.0,471.41,3,2,2,322,Need Attention,Low Vol / High Profit,8
NM-18445,Nathan Mautz,Home Office,2023-02-08,2026-07-23,2023,160,1261,3.45,7,44,922.76,6459.34,2751.68,42.6,4.29,1869.68,2,4,5,245,Cant Lose Them,High Vol / High Profit,2
NM-18520,Neoma Murray,Consumer,2024-09-08,2026-04-30,2024,244,599,1.64,10,60,216.2,2161.98,788.95,36.49,26.0,1317.4,1,5,3,153,At Risk,Low Vol / High Profit,3
NP-18325,Naresj Patel,Consumer,2023-05-13,2026-12-05,2023,25,1302,3.57,6,77,921.6,5529.62,1208.89,21.86,5.71,1550.16,5,3,5,535,Potential Loyalists,High Vol / High Profit,3
NP-18670,Nora Paige,Consumer,2024-02-27,2026-11-02,2024,58,979,2.68,5,46,781.68,3908.4,514.6,13.17,2.0,1457.17,3,2,4,324,Need Attention,High Vol / High Profit,3
NP-18685,Nora Pelletier,Home Office,2023-03-07,2025-11-19,2023,406,988,2.71,6,23,204.78,1228.7,514.5,41.87,18.57,453.92,1,3,2,132,Need Attention,Low Vol / High Profit,8
NP-18700,Nora Preis,Consumer,2023-09-05,2026-08-14,2023,138,1074,2.94,7,63,1129.03,7903.18,631.23,7.99,19.62,2685.9,2,4,5,245,Cant Lose Them,High Vol / High Profit,1
NR-18550,Nick Radford,Consumer,2023-06-07,2026-06-03,2023,210,1092,2.99,5,37,473.46,2367.28,-25.15,-1.06,22.31,791.26,2,2,3,223,Need Attention,High Vol / Low Profit,6
NS-18505,Neola Schneider,Consumer,2025-11-24,2026-12-24,2025,6,395,1.08,4,52,643.97,2575.86,-12.3,-0.48,20.67,2380.23,5,2,3,523,Potential Loyalists,High Vol / Low Profit,1
NS-18640,Noel Staavos,Corporate,2023-06-25,2026-07-09,2023,174,1110,3.04,13,113,228.06,2964.82,-234.77,-7.92,21.54,974.92,2,5,4,254,Cant Lose Them,High Vol / Low Profit,5
NW-18400,Natalie Webber,Consumer,2023-06-21,2026-07-11,2023,172,1116,3.06,7,78,1033.43,7234.01,1023.12,14.14,21.36,2365.96,2,4,5,245,Cant Lose Them,High Vol / High Profit,1
NZ-18565,Nick Zandusky,Home Office,2023-08-02,2026-10-06,2023,85,1161,3.18,9,77,276.48,2488.31,402.42,16.17,17.5,782.29,3,5,3,353,Loyal Customers,High Vol / High Profit,6
ON-18715,Odella Nelson,Corporate,2023-09-13,2025-11-15,2023,410,794,2.18,9,58,174.17,1567.52,-5.89,-0.38,16.0,720.59,1,5,2,152,Need Attention,Low Vol / Low Profit,6
OT-18730,Olvera Toch,Consumer,2024-04-20,2026-10-26,2024,65,919,2.52,5,51,763.72,3818.62,-925.12,-24.23,16.0,1516.65,3,2,4,324,Need Attention,High Vol / Low Profit,3
PA-19060,Pete Armstrong,Home Office,2023-05-17,2026-09-18,2023,103,1220,3.34,6,27,121.57,729.41,225.86,30.96,18.57,218.22,2,3,1,231,Need Attention,Low Vol / Low Profit,9
PB-18805,Patrick Bzostek,Home Office,2024-11-20,2026-12-05,2024,25,745,2.04,3,54,246.79,740.36,229.23,30.96,12.0,362.72,5,1,1,511,New Customers,Low Vol / High Profit,8
PB-19105,Peter Bühler,Consumer,2023-11-15,2026-11-03,2023,57,1084,2.97,4,18,172.08,688.32,218.16,31.69,12.0,231.77,3,2,1,321,Need Attention,Low Vol / Low Profit,9
PB-19150,Philip Brown,Consumer,2023-07-14,2026-09-24,2023,97,1168,3.2,8,54,182.12,1456.95,280.66,19.26,12.73,455.3,3,4,2,342,Need Attention,Low Vol / High Profit,8
PB-19210,Phillip Breyer,Corporate,2023-11-23,2025-02-11,2023,687,446,1.22,2,10,66.37,132.74,21.9,16.5,10.0,108.63,1,1,1,111,Lost / Hibernating,Low Vol / Low Profit,10
PC-18745,Pamela Coakley,Corporate,2023-12-31,2026-12-28,2023,2,1093,2.99,4,22,458.02,1832.06,272.68,14.88,22.0,611.81,5,2,3,523,Potential Loyalists,Low Vol / High Profit,7
PC-19000,Pauline Chand,Home Office,2023-04-08,2024-08-01,2023,881,481,1.32,2,18,530.74,1061.49,-184.34,-17.37,13.33,805.5,1,1,2,112,Lost / Hibernating,Low Vol / Low Profit,6
PF-19120,Peter Fuller,Consumer,2023-05-05,2024-09-17,2023,834,501,1.37,4,75,2265.72,9062.86,-614.29,-6.78,12.11,6602.69,1,2,5,125,Need Attention,High Vol / Low Profit,1
PF-19165,Philip Fox,Consumer,2023-09-20,2026-06-17,2023,196,1001,2.74,6,34,461.67,2770.0,196.87,7.11,5.0,1010.04,2,3,4,234,At Risk,High Vol / Low Profit,4
PF-19225,Phillip Flathmann,Consumer,2025-06-26,2026-09-07,2025,114,438,1.2,5,32,441.23,2206.13,591.31,26.8,6.0,1838.44,2,2,3,223,Need Attention,Low Vol / High Profit,2
PG-18820,Patrick Gardner,Consumer,2023-05-09,2026-11-24,2023,36,1295,3.55,13,83,237.45,3086.91,137.46,4.45,16.92,870.05,4,5,4,454,Champions,High Vol / Low Profit,5
PG-18895,Paul Gonzalez,Consumer,2023-05-11,2026-11-03,2023,57,1272,3.48,9,61,220.8,1987.16,334.52,16.83,9.41,570.22,3,5,3,353,Loyal Customers,Low Vol / High Profit,7
PH-18790,Patricia Hirasaki,Home Office,2026-10-21,2026-10-21,2026,70,0,0.0,1,6,729.65,729.65,47.89,6.56,20.0,729.65,3,1,1,311,Need Attention,Low Vol / Low Profit,6
PJ-18835,Patrick Jones,Corporate,2023-05-28,2026-11-21,2023,39,1273,3.49,8,46,152.51,1220.09,442.14,36.24,7.69,349.83,4,4,2,442,Need Attention,Low Vol / High Profit,9
PJ-19015,Pauline Johnson,Consumer,2023-04-07,2026-08-18,2023,134,1229,3.37,7,25,260.6,1824.23,683.0,37.44,8.0,541.78,2,4,3,243,At Risk,Low Vol / High Profit,7
PK-18910,Paul Knutson,Home Office,2023-04-04,2025-09-03,2023,483,883,2.42,2,14,720.58,1441.15,-798.7,-55.42,36.67,595.72,1,1,2,112,Lost / Hibernating,Low Vol / Low Profit,7
PK-19075,Pete Kriz,Consumer,2023-11-11,2026-12-21,2023,9,1136,3.11,12,107,720.58,8646.93,2038.27,23.57,7.6,2778.28,5,5,5,555,Champions,High Vol / High Profit,1
PL-18925,Paul Lucas,Home Office,2023-11-01,2026-12-15,2023,15,1140,3.12,5,29,47.9,239.48,-0.75,-0.31,25.0,76.68,5,2,1,521,New Customers,Low Vol / Low Profit,10
PM-18940,Paul MacIntyre,Consumer,2023-05-04,2025-12-09,2023,386,950,2.6,3,16,468.47,1405.4,157.88,11.23,15.0,539.97,1,1,2,112,Lost / Hibernating,Low Vol / Low Profit,7
PM-19135,Peter McVee,Home Office,2024-12-19,2026-11-09,2024,51,690,1.89,4,36,1028.92,4115.66,526.75,12.8,12.86,2177.13,4,2,4,424,Potential Loyalists,High Vol / High Profit,2
PN-18775,Parhena Norris,Home Office,2024-08-07,2026-11-30,2024,30,845,2.32,8,47,183.39,1467.15,192.04,13.09,12.31,633.74,4,4,2,442,Need Attention,Low Vol / Low Profit,7
PO-18850,Patrick O'Brill,Consumer,2023-11-02,2026-12-26,2023,4,1150,3.15,11,91,679.44,7473.83,38.48,0.51,21.0,2372.13,5,5,5,555,Champions,High Vol / Low Profit,1
PO-18865,Patrick O'Donnell,Consumer,2023-03-23,2026-12-30,2023,0,1378,3.78,7,54,356.17,2493.21,437.85,17.56,4.62,660.39,5,4,3,543,Loyal Customers,High Vol / High Profit,7
PO-19180,Philisse Overcash,Home Office,2024-08-11,2026-07-23,2024,160,711,1.95,9,65,543.67,4893.04,1155.43,23.61,10.56,2511.9,2,5,5,255,Cant Lose Them,High Vol / High Profit,1
PO-19195,Phillina Ober,Home Office,2023-01-04,2026-10-05,2023,86,1370,3.75,5,32,211.37,1056.86,-49.7,-4.7,19.0,281.57,3,2,2,322,Need Attention,Low Vol / Low Profit,9
PP-18955,Paul Prost,Home Office,2023-08-26,2026-09-24,2023,97,1125,3.08,10,138,725.26,7252.61,1495.09,20.61,10.88,2353.07,3,5,5,355,Loyal Customers,High Vol / High Profit,1
PR-18880,Patrick Ryan,Consumer,2023-09-05,2026-11-24,2023,36,1176,3.22,5,43,368.04,1840.18,247.62,13.46,11.67,571.14,4,2,3,423,Potential Loyalists,Low Vol / High Profit,7
PS-18760,Pamela Stobb,Consumer,2023-06-15,2026-09-14,2023,107,1187,3.25,6,75,363.58,2181.48,-134.44,-6.16,22.38,670.8,2,3,3,233,At Risk,Low Vol / Low Profit,7
PS-18970,Paul Stevenson,Home Office,2023-04-15,2026-10-22,2023,69,1286,3.52,8,52,159.83,1278.64,198.51,15.53,5.38,362.91,3,4,2,342,Need Attention,Low Vol / Low Profit,8
PS-19045,Penelope Sewall,Home Office,2023-12-20,2026-05-08,2023,236,870,2.38,7,47,977.66,6843.63,1742.73,25.46,8.46,2871.18,1,4,5,145,Cant Lose Them,High Vol / High Profit,1
PT-19090,Pete Takahito,Consumer,2023-09-12,2026-10-20,2023,71,1134,3.11,4,19,40.14,160.57,-20.05,-12.49,37.14,51.68,3,2,1,321,Need Attention,Low Vol / Low Profit,10
PV-18985,Paul Van Hugh,Home Office,2023-07-12,2026-10-02,2023,89,1178,3.23,5,52,575.21,2876.05,434.53,15.11,8.46,891.13,3,2,4,324,Need Attention,High Vol / High Profit,5
PW-19030,Pauline Webber,Corporate,2023-05-16,2026-11-14,2023,46,1278,3.5,10,48,345.49,3454.92,803.82,23.27,3.85,986.73,4,5,4,454,Champions,High Vol / High Profit,5
PW-19240,Pierre Wener,Consumer,2023-11-18,2025-09-22,2023,464,674,1.85,7,39,560.34,3922.42,1290.35,32.9,17.08,2124.16,1,4,4,144,Cant Lose Them,High Vol / High Profit,2
QJ-19255,Quincy Jones,Corporate,2023-03-17,2026-12-05,2023,25,1359,3.72,9,61,678.7,6108.34,1203.68,19.71,12.31,1640.58,5,5,5,555,Champions,High Vol / High Profit,2
RA-19285,Ralph Arnett,Consumer,2023-12-13,2026-12-25,2023,5,1108,3.04,9,58,290.88,2617.91,546.09,20.86,16.47,862.4,5,5,3,553,Loyal Customers,High Vol / High Profit,5
RA-19885,Ruben Ausman,Corporate,2023-04-08,2026-11-17,2023,43,1319,3.61,7,53,547.47,3832.31,1292.87,33.74,4.0,1060.5,4,4,4,444,Champions,High Vol / High Profit,4
RA-19915,Russell Applegate,Consumer,2023-06-30,2026-12-18,2023,12,1267,3.47,9,75,532.62,4793.54,304.87,6.36,27.95,1380.93,5,5,5,555,Champions,High Vol / High Profit,3
RA-19945,Ryan Akin,Consumer,2023-08-29,2026-10-30,2023,61,1158,3.17,5,27,337.38,1686.92,-445.7,-26.42,31.67,531.72,3,2,2,322,Need Attention,Low Vol / Low Profit,7
RB-19330,Randy Bradley,Consumer,2023-11-17,2026-10-23,2023,68,1071,2.93,2,16,504.1,1008.2,-164.41,-16.31,31.67,343.6,3,1,2,312,Need Attention,Low Vol / Low Profit,9
RB-19360,Raymond Buch,Consumer,2025-04-01,2026-09-25,2025,96,542,1.48,6,71,2519.56,15117.34,6976.1,46.15,9.44,10180.5,3,3,5,335,Need Attention,High Vol / High Profit,1
RB-19435,Richard Bierner,Consumer,2023-03-11,2026-12-11,2023,19,1371,3.76,8,66,332.89,2663.09,477.24,17.92,16.25,708.99,5,4,3,543,Loyal Customers,High Vol / High Profit,6
RB-19465,Rick Bensley,Home Office,2023-03-14,2026-12-21,2023,9,1378,3.78,12,85,392.96,4715.47,640.55,13.58,13.48,1249.02,5,5,5,555,Champions,High Vol / High Profit,4
RB-19570,Rob Beeghly,Consumer,2025-04-28,2026-12-05,2025,25,586,1.61,5,35,105.71,528.55,76.89,14.55,16.67,329.21,5,2,1,521,New Customers,Low Vol / Low Profit,9
RB-19645,Robert Barroso,Corporate,2023-08-23,2025-03-22,2023,648,577,1.58,5,29,44.22,221.08,72.68,32.87,14.29,139.85,1,2,1,121,Lost / Hibernating,Low Vol / Low Profit,10
RB-19705,Roger Barcio,Home Office,2024-08-22,2026-11-06,2024,54,806,2.21,4,22,516.86,2067.45,243.08,11.76,15.71,936.25,3,2,3,323,Need Attention,Low Vol / High Profit,5
RB-19795,Ross Baird,Home Office,2023-06-03,2026-11-28,2023,32,1274,3.49,8,92,704.16,5633.32,-461.73,-8.2,25.0,1613.94,4,4,5,445,Champions,High Vol / Low Profit,2
RC-19825,Roy Collins,Consumer,2023-12-05,2025-12-26,2023,369,752,2.06,6,29,161.07,966.41,63.99,6.62,11.0,469.07,1,3,2,132,Need Attention,Low Vol / Low Profit,8
RC-19960,Ryan Crowe,Consumer,2023-08-25,2026-09-11,2023,110,1113,3.05,6,44,147.63,885.75,10.56,1.19,17.27,290.48,2,3,1,231,Need Attention,Low Vol / Low Profit,9
RD-19480,Rick Duston,Consumer,2023-06-08,2026-10-19,2023,72,1229,3.37,8,60,534.12,4272.93,480.59,11.25,10.67,1269.02,3,4,4,344,Loyal Customers,High Vol / High Profit,3
RD-19585,Rob Dowd,Consumer,2023-04-02,2026-07-03,2023,180,1188,3.25,10,73,291.29,2912.89,734.52,25.22,3.16,894.95,2,5,4,254,Cant Lose Them,High Vol / High Profit,5
RD-19660,Robert Dilbeck,Home Office,2024-04-12,2026-09-07,2024,114,878,2.41,5,23,557.33,2786.63,835.77,29.99,8.0,1158.45,2,2,4,224,Need Attention,High Vol / High Profit,4
RD-19720,Roger Demir,Consumer,2023-07-20,2026-12-09,2023,21,1238,3.39,10,78,141.97,1419.74,207.33,14.6,15.75,418.58,5,5,2,552,Need Attention,Low Vol / Low Profit,8
RD-19810,Ross DeVincentis,Home Office,2023-10-27,2026-12-16,2023,14,1146,3.14,8,63,142.2,1137.62,318.46,27.99,18.75,362.33,5,4,2,542,Need Attention,Low Vol / High Profit,8
RD-19900,Ruben Dartt,Consumer,2023-04-05,2026-09-07,2023,114,1251,3.43,9,85,348.21,3133.92,455.53,14.54,5.71,914.37,2,5,4,254,Cant Lose Them,High Vol / High Profit,5
RD-19930,Russell D'Ascenzo,Consumer,2023-10-03,2026-11-18,2023,42,1142,3.13,4,33,242.74,970.94,35.06,3.61,31.0,310.33,4,2,2,422,New Customers,Low Vol / Low Profit,9
RE-19405,Ricardo Emerson,Consumer,2023-12-29,2023-12-29,2023,1097,0,0.0,1,5,48.36,48.36,6.04,12.5,20.0,48.36,1,1,1,111,Lost / Hibernating,Low Vol / Low Profit,10
RE-19450,Richard Eichhorn,Consumer,2023-06-03,2026-03-03,2023,302,1004,2.75,5,47,175.34,876.7,209.23,23.87,13.33,318.72,1,2,1,121,Lost / Hibernating,Low Vol / Low Profit,9
RF-19345,Randy Ferguson,Corporate,2023-05-20,2025-12-05,2023,390,930,2.55,8,67,413.64,3309.15,633.71,19.15,13.75,1298.75,1,4,4,144,Cant Lose Them,High Vol / High Profit,3
RF-19735,Roland Fjeld,Consumer,2023-08-06,2026-10-02,2023,89,1153,3.16,7,53,334.47,2341.3,711.62,30.39,1.43,741.17,3,4,3,343,Loyal Customers,High Vol / High Profit,6
RF-19840,Roy Französisch,Consumer,2023-11-12,2026-12-24,2023,6,1138,3.12,8,45,118.15,945.22,280.03,29.63,8.18,303.17,5,4,2,542,Need Attention,Low Vol / High Profit,9
RH-19495,Rick Hansen,Consumer,2023-08-23,2026-11-28,2023,32,1193,3.27,5,38,724.28,3621.38,563.79,15.57,10.0,1107.96,4,2,4,424,Potential Loyalists,High Vol / High Profit,4
RH-19510,Rick Huthwaite,Home Office,2023-11-16,2025-09-19,2023,467,673,1.84,6,43,1163.2,6979.18,1289.45,18.48,3.33,3785.14,1,3,5,135,At Risk,High Vol / High Profit,1
RH-19555,Ritsa Hightower,Consumer,2024-12-04,2025-07-29,2024,519,237,0.65,2,11,370.19,740.38,0.31,0.04,53.33,1140.25,1,1,1,111,Lost / Hibernating,Low Vol / Low Profit,4
RH-19600,Rob Haberlin,Consumer,2024-07-02,2025-07-14,2024,534,377,1.03,3,43,695.25,2085.74,172.63,8.28,10.91,2019.35,1,1,3,113,Need Attention,Low Vol / Low Profit,2
RK-19300,Ralph Kennedy,Consumer,2024-07-20,2026-09-02,2024,119,774,2.12,3,29,486.73,1460.19,269.69,18.47,7.5,688.59,2,1,2,212,Lost / Hibernating,Low Vol / High Profit,6
RL-19615,Rob Lucas,Consumer,2023-12-05,2026-08-31,2023,121,1000,2.74,8,101,779.36,6234.91,488.15,7.83,21.88,2275.74,2,4,5,245,Cant Lose Them,High Vol / High Profit,1
RM-19375,Raymond Messe,Consumer,2023-05-11,2026-01-19,2023,345,984,2.7,6,29,242.25,1453.47,392.15,26.98,4.44,539.14,1,3,2,132,Need Attention,Low Vol / High Profit,7
RM-19675,Robert Marley,Home Office,2023-11-14,2026-12-24,2023,6,1136,3.11,5,39,1195.82,5979.1,1902.54,31.82,4.55,1921.1,5,2,5,525,Potential Loyalists,High Vol / High Profit,2
RM-19750,Roland Murray,Consumer,2026-03-06,2026-03-06,2026,299,0,0.0,1,4,98.35,98.35,28.69,29.17,0.0,98.35,1,1,1,111,Lost / Hibernating,Low Vol / Low Profit,10
RO-19780,Rose O'Brian,Consumer,2024-05-12,2026-11-25,2024,35,927,2.54,7,48,545.07,3815.48,-1262.57,-33.09,29.17,1502.32,4,4,4,444,Champions,High Vol / Low Profit,3
RP-19270,Rachel Payne,Corporate,2023-10-19,2025-08-21,2023,496,672,1.84,4,47,238.66,954.65,59.54,6.24,19.33,518.52,1,2,2,122,Lost / Hibernating,Low Vol / Low Profit,7
RP-19390,Resi Pölking,Consumer,2023-05-24,2026-11-27,2023,33,1283,3.52,12,88,429.42,5153.08,465.25,9.03,14.8,1466.0,4,5,5,455,Champions,High Vol / High Profit,3
RP-19855,Roy Phan,Corporate,2023-04-05,2026-12-02,2023,28,1337,3.66,8,61,271.34,2170.72,594.59,27.39,13.33,592.6,4,4,3,443,Loyal Customers,Low Vol / High Profit,7
RR-19315,Ralph Ritter,Consumer,2025-11-14,2026-12-11,2025,19,392,1.07,2,7,307.97,615.93,-73.83,-11.99,27.5,573.51,5,1,1,511,New Customers,Low Vol / Low Profit,7
RR-19525,Rick Reed,Corporate,2023-09-09,2026-07-13,2023,170,1038,2.84,6,36,550.38,3302.26,721.68,21.85,6.0,1161.2,2,3,4,234,At Risk,High Vol / High Profit,4
RS-19420,Ricardo Sperren,Corporate,2023-08-05,2026-10-15,2023,76,1167,3.2,5,29,644.26,3221.29,633.45,19.66,0.0,1007.52,3,2,4,324,Need Attention,High Vol / High Profit,5
RS-19765,Roland Schwarz,Corporate,2023-04-07,2026-11-24,2023,36,1327,3.64,8,54,519.97,4159.77,1206.39,29.0,11.43,1144.17,4,4,4,444,Champions,High Vol / High Profit,4
RS-19870,Roy Skaria,Home Office,2025-06-07,2026-12-11,2025,19,552,1.51,2,10,11.16,22.33,9.58,42.92,6.67,14.76,5,1,1,511,New Customers,Low Vol / Low Profit,10
RW-19540,Rick Wilson,Corporate,2024-02-03,2026-09-01,2024,120,941,2.58,7,89,1056.77,7397.4,1586.63,21.45,13.48,2869.34,2,4,5,245,Cant Lose Them,High Vol / High Profit,1
RW-19630,Rob Williams,Corporate,2023-06-28,2026-10-02,2023,89,1192,3.27,9,53,364.42,3279.75,698.83,21.31,13.75,1004.28,3,5,4,354,Loyal Customers,High Vol / High Profit,5
RW-19690,Robert Waldorf,Consumer,2025-05-30,2026-10-12,2025,79,500,1.37,5,61,699.13,3495.65,707.55,20.24,7.33,2551.82,3,2,4,324,Need Attention,High Vol / High Profit,1
SA-20830,Sue Ann Reed,Consumer,2023-02-22,2026-10-28,2023,63,1344,3.68,10,75,476.73,4767.34,610.15,12.8,19.29,1294.7,3,5,5,355,Loyal Customers,High Vol / High Profit,3
SB-20170,Sarah Bern,Consumer,2023-06-06,2026-06-12,2023,201,1102,3.02,3,24,449.34,1348.02,157.67,11.7,18.57,446.49,2,1,2,212,Lost / Hibernating,Low Vol / Low Profit,8
SB-20185,Sarah Brown,Consumer,2023-09-20,2026-06-25,2023,188,1009,2.76,6,45,1068.5,6411.0,885.46,13.81,14.17,2319.14,2,3,5,235,At Risk,High Vol / High Profit,1
SB-20290,Sean Braxton,Corporate,2023-05-09,2026-11-13,2023,47,1284,3.52,7,84,1151.13,8057.89,-2082.75,-25.85,24.12,2290.6,4,4,5,445,Champions,High Vol / Low Profit,1
SC-20020,Sam Craven,Consumer,2023-03-03,2024-11-10,2023,780,618,1.69,5,62,672.59,3362.96,-317.05,-9.43,21.88,1986.22,1,2,4,124,Need Attention,High Vol / Low Profit,2
SC-20050,Sample Company A,Home Office,2023-03-18,2026-11-20,2023,40,1343,3.68,9,61,513.84,4624.57,1011.74,21.88,18.67,1256.86,4,5,5,455,Champions,High Vol / High Profit,4
SC-20095,Sanjit Chand,Consumer,2023-02-12,2026-01-15,2023,349,1068,2.93,9,87,1571.37,14142.33,5757.41,40.71,6.36,4833.29,1,5,5,155,Cant Lose Them,High Vol / High Profit,1
SC-20230,Scot Coram,Corporate,2025-06-06,2026-08-03,2025,149,423,1.16,4,49,1092.99,4371.96,440.14,10.07,10.91,3772.49,2,2,5,225,Need Attention,High Vol / High Profit,1
SC-20260,Scott Cohen,Corporate,2023-04-06,2026-11-14,2023,46,1318,3.61,12,71,313.04,3756.51,679.01,18.08,16.14,1040.31,4,5,4,454,Champions,High Vol / High Profit,4
SC-20305,Sean Christensen,Consumer,2023-12-16,2026-12-01,2023,29,1081,2.96,7,64,568.44,3979.06,229.16,5.76,21.67,1343.53,4,4,4,444,Champions,High Vol / High Profit,3
SC-20380,Shahid Collister,Consumer,2023-03-01,2026-11-30,2023,30,1370,3.75,9,80,665.84,5992.54,236.66,3.95,19.0,1596.55,4,5,5,455,Champions,High Vol / High Profit,2
SC-20440,Shaun Chance,Corporate,2024-08-17,2026-11-24,2024,36,829,2.27,7,44,267.86,1875.0,379.56,20.24,28.0,825.54,4,4,3,443,Loyal Customers,Low Vol / High Profit,6
SC-20575,Sonia Cooley,Consumer,2023-06-16,2026-09-29,2023,92,1201,3.29,5,30,180.55,902.73,100.23,11.1,34.29,274.35,3,2,1,321,Need Attention,Low Vol / Low Profit,9
SC-20680,Steve Carroll,Home Office,2023-11-21,2026-08-26,2023,126,1009,2.76,6,26,209.11,1254.64,370.16,29.5,0.0,453.86,2,3,2,232,Need Attention,Low Vol / High Profit,8
SC-20695,Steve Chapman,Corporate,2023-12-16,2026-10-02,2023,89,1021,2.8,10,66,257.64,2576.41,611.83,23.75,15.71,921.05,3,5,3,353,Loyal Customers,High Vol / High Profit,5
SC-20725,Steven Cartwright,Consumer,2023-06-03,2026-06-26,2023,187,1119,3.07,11,133,475.11,5226.21,1276.65,24.43,15.0,1704.71,2,5,5,255,Cant Lose Them,High Vol / High Profit,2
SC-20770,Stewart Carmichael,Corporate,2024-06-20,2026-11-19,2024,41,882,2.42,7,75,641.81,4492.66,-671.19,-14.94,30.48,1859.21,4,4,5,445,Champions,High Vol / Low Profit,2
SC-20800,Stuart Calhoun,Consumer,2024-12-11,2026-11-30,2024,30,719,1.97,4,11,69.81,279.26,51.83,18.56,12.0,141.76,4,2,1,421,New Customers,Low Vol / Low Profit,10
SC-20845,Sung Chung,Consumer,2025-11-11,2026-08-21,2025,131,283,0.78,2,13,140.32,280.63,31.18,11.11,20.0,361.95,2,1,1,211,Lost / Hibernating,Low Vol / Low Profit,8
SD-20485,Shirley Daniels,Home Office,2023-01-26,2026-06-13,2023,200,1234,3.38,9,82,680.12,6121.11,1985.17,32.43,10.48,1810.54,2,5,5,255,Cant Lose Them,High Vol / High Profit,2
SE-20110,Sanjit Engle,Consumer,2023-04-11,2026-12-21,2023,9,1350,3.7,11,78,1109.95,12209.44,2650.68,21.71,11.05,3301.07,5,5,5,555,Champions,High Vol / High Profit,1
SF-20065,Sandra Flanagan,Consumer,2023-09-10,2026-11-01,2023,59,1148,3.15,7,35,109.08,763.55,228.16,29.88,10.0,242.77,3,4,1,341,Need Attention,Low Vol / High Profit,9
SF-20200,Sarah Foster,Consumer,2023-12-23,2026-11-01,2023,59,1044,2.86,9,74,380.31,3422.79,286.9,8.38,12.67,1196.66,3,5,4,354,Loyal Customers,High Vol / High Profit,4
SF-20965,Sylvia Foulston,Corporate,2023-10-21,2026-11-12,2023,48,1118,3.06,9,66,370.73,3336.54,539.94,16.18,27.06,1089.3,4,5,4,454,Champions,High Vol / High Profit,4
SG-20080,Sandra Glassco,Consumer,2024-10-31,2026-12-22,2024,8,782,2.14,3,30,1135.53,3406.58,570.44,16.75,6.82,1590.03,5,1,4,514,Need Attention,High Vol / High Profit,3
SG-20470,Sheri Gordon,Consumer,2023-07-26,2026-06-30,2023,183,1070,2.93,8,62,235.6,1884.8,-119.01,-6.31,15.0,642.95,2,4,3,243,At Risk,Low Vol / Low Profit,7
SG-20605,Speros Goranitis,Consumer,2023-01-23,2026-09-13,2023,108,1329,3.64,6,49,520.81,3124.83,463.27,14.83,9.23,858.21,2,3,4,234,At Risk,High Vol / High Profit,5
SG-20890,Susan Gilcrest,Corporate,2023-03-30,2026-05-18,2023,226,1145,3.14,3,17,15.98,47.95,-3.71,-7.73,40.0,15.28,2,1,1,211,Lost / Hibernating,Low Vol / Low Profit,10
SH-19975,Sally Hughsby,Corporate,2023-12-10,2026-12-01,2023,29,1087,2.98,13,113,262.06,3406.84,558.47,16.39,13.62,1143.97,4,5,4,454,Champions,High Vol / High Profit,4
SH-20395,Shahid Hopkins,Consumer,2023-11-02,2026-12-07,2023,23,1131,3.1,10,45,218.07,2180.72,-144.52,-6.63,23.33,703.77,5,5,3,553,Loyal Customers,Low Vol / Low Profit,6
SH-20635,Stefanie Holloman,Corporate,2023-12-16,2024-11-26,2023,764,346,0.95,2,16,1048.2,2096.39,260.63,12.43,20.0,2211.51,1,1,3,113,Need Attention,Low Vol / High Profit,2
SJ-20125,Sanjit Jacobs,Home Office,2024-09-22,2026-09-26,2024,95,734,2.01,12,104,329.14,3949.66,144.12,3.65,23.33,1964.07,3,5,4,354,Loyal Customers,High Vol / Low Profit,2
SJ-20215,Sarah Jordon,Consumer,2024-02-09,2026-12-01,2024,29,1026,2.81,6,35,223.51,1341.04,-23.51,-1.75,37.0,477.07,4,3,2,432,Need Attention,Low Vol / Low Profit,8
SJ-20500,Shirley Jackson,Consumer,2023-08-31,2026-04-21,2023,253,964,2.64,5,30,263.76,1318.78,68.1,5.16,14.29,499.33,1,2,2,122,Lost / Hibernating,Low Vol / Low Profit,8
SK-19990,Sally Knutson,Consumer,2025-11-28,2026-12-22,2025,8,389,1.07,3,19,294.47,883.41,168.79,19.11,22.0,828.91,5,1,1,511,New Customers,Low Vol / Low Profit,6
SL-20155,Sara Luxemburg,Home Office,2023-09-21,2026-10-21,2023,70,1126,3.08,7,30,436.14,3053.01,527.97,17.29,17.78,989.65,3,4,4,344,Loyal Customers,High Vol / High Profit,5
SM-20005,Sally Matthias,Consumer,2023-11-23,2025-11-04,2023,421,712,1.95,4,26,61.12,244.49,-26.59,-10.88,26.67,125.34,1,2,1,121,Lost / Hibernating,Low Vol / Low Profit,10
SM-20320,Sean Miller,Home Office,2023-03-18,2026-10-12,2023,79,1304,3.57,5,50,5008.61,25043.05,-1980.74,-7.91,24.67,7009.75,3,2,5,325,Need Attention,High Vol / Low Profit,1
SM-20905,Susan MacKendrick,Consumer,2025-05-03,2025-05-03,2025,606,0,0.0,1,20,1043.04,1043.04,-237.29,-22.75,28.33,1043.04,1,1,2,112,Lost / Hibernating,Low Vol / Low Profit,4
SM-20950,Suzanne McNair,Corporate,2023-09-29,2026-12-05,2023,25,1163,3.19,14,103,406.84,5695.79,610.11,10.71,13.33,1787.59,5,5,5,555,Champions,High Vol / High Profit,2
SN-20560,Skye Norling,Home Office,2024-06-18,2026-09-10,2024,111,814,2.23,6,67,310.07,1860.42,-716.86,-38.53,17.33,834.22,2,3,3,233,At Risk,Low Vol / Low Profit,6
SN-20710,Steve Nguyen,Home Office,2023-05-06,2026-10-12,2023,79,1255,3.44,7,89,446.85,3127.96,481.75,15.4,11.68,909.73,3,4,4,344,Loyal Customers,High Vol / High Profit,5
SO-20335,Sean O'Donnell,Consumer,2024-10-11,2026-12-01,2024,29,781,2.14,6,52,433.76,2602.58,-81.09,-3.12,13.67,1216.31,4,3,3,433,Potential Loyalists,High Vol / Low Profit,4
SP-20545,Sibella Parks,Corporate,2023-10-13,2026-02-06,2023,327,847,2.32,6,43,217.68,1306.09,-118.78,-9.09,26.0,562.84,1,3,2,132,Need Attention,Low Vol / Low Profit,7
SP-20620,Stefania Perrino,Corporate,2023-09-08,2026-11-13,2023,47,1162,3.18,9,77,604.48,5440.32,-270.43,-4.97,25.0,1708.88,4,5,5,455,Champions,High Vol / Low Profit,2
SP-20650,Stephanie Phelps,Corporate,2023-04-16,2025-12-09,2023,386,968,2.65,9,71,208.05,1872.44,268.48,14.34,15.33,706.03,1,5,3,153,At Risk,Low Vol / High Profit,6
SP-20860,Sung Pak,Corporate,2023-12-15,2026-10-12,2023,79,1032,2.83,10,80,428.29,4282.94,566.72,13.23,20.83,1514.8,3,5,4,354,Loyal Customers,High Vol / High Profit,3
SP-20920,Susan Pistek,Consumer,2023-11-22,2026-10-21,2023,70,1064,2.92,6,57,665.11,3990.69,14.69,0.37,27.14,1368.99,3,3,4,334,Need Attention,High Vol / Low Profit,3
SR-20425,Sharelle Roach,Home Office,2023-06-14,2026-12-22,2023,8,1287,3.53,5,34,646.7,3233.48,-3333.91,-103.11,36.67,917.03,5,2,4,524,Potential Loyalists,High Vol / Low Profit,5
SR-20740,Steven Roelle,Home Office,2023-02-20,2026-06-17,2023,196,1213,3.32,8,50,543.24,4345.89,1990.42,45.8,3.33,1307.71,2,4,5,245,Cant Lose Them,High Vol / High Profit,3
SS-20140,Saphhira Shifley,Corporate,2023-11-23,2026-12-15,2023,15,1118,3.06,8,86,165.5,1324.03,332.35,25.1,11.43,432.26,5,4,2,542,Need Attention,Low Vol / High Profit,8
SS-20410,Shahid Shariari,Consumer,2023-05-30,2026-09-11,2023,110,1200,3.29,6,46,509.47,3056.81,-1010.97,-33.07,25.83,929.78,2,3,4,234,At Risk,High Vol / Low Profit,5
SS-20515,Shirley Schmidt,Home Office,2023-07-14,2025-08-26,2023,491,774,2.12,3,36,204.47,613.4,199.93,32.59,0.0,289.26,1,1,1,111,Lost / Hibernating,Low Vol / Low Profit,9
SS-20590,Sonia Sunley,Consumer,2023-08-05,2025-10-24,2023,432,811,2.22,6,17,69.75,418.49,135.54,32.39,0.0,188.35,1,3,1,131,Need Attention,Low Vol / Low Profit,10
SS-20875,Sung Shariari,Consumer,2023-12-14,2026-09-01,2023,120,992,2.72,5,39,192.93,964.64,-75.59,-7.84,24.0,354.93,2,2,2,222,Lost / Hibernating,Low Vol / Low Profit,9
ST-20530,Shui Tom,Consumer,2023-02-14,2026-08-27,2023,125,1290,3.53,7,33,61.91,433.34,84.44,19.49,20.0,122.61,2,4,1,241,Need Attention,Low Vol / Low Profit,10
SU-20665,Stephanie Ulpright,Home Office,2024-12-05,2026-12-10,2024,20,735,2.01,7,61,370.77,2595.36,763.47,29.42,13.33,1288.85,5,4,3,543,Loyal Customers,High Vol / High Profit,3
SV-20365,Seth Vernon,Consumer,2023-01-11,2026-09-20,2023,101,1348,3.69,10,109,1147.1,11470.95,1199.42,10.46,15.62,3106.01,3,5,5,355,Loyal Customers,High Vol / High Profit,1
SV-20785,Stewart Visinsky,Consumer,2023-04-12,2026-02-13,2023,320,1038,2.84,9,91,456.15,4105.3,485.03,11.81,18.4,1443.58,1,5,4,154,Cant Lose Them,High Vol / High Profit,3
SV-20815,Stuart Van,Corporate,2024-05-04,2026-10-15,2024,76,894,2.45,4,24,317.77,1271.09,199.65,15.71,20.0,518.96,3,2,2,322,Need Attention,Low Vol / Low Profit,7
SV-20935,Susan Vittorini,Consumer,2025-03-19,2026-12-28,2025,2,649,1.78,8,66,237.94,1903.49,106.89,5.62,23.08,1070.53,5,4,3,543,Loyal Customers,Low Vol / Low Profit,4
SW-20245,Scot Wooten,Consumer,2023-07-20,2026-10-10,2023,81,1178,3.23,7,33,155.01,1085.08,-19.61,-1.81,26.0,336.21,3,4,2,342,Need Attention,Low Vol / Low Profit,9
SW-20275,Scott Williamson,Consumer,2023-03-10,2026-11-30,2023,30,1361,3.73,6,28,327.78,1966.65,332.87,16.93,2.86,527.43,4,3,3,433,Potential Loyalists,Low Vol / High Profit,7
SW-20350,Sean Wendt,Home Office,2025-04-09,2026-07-21,2025,162,468,1.28,3,25,339.68,1019.04,95.84,9.4,21.67,794.77,2,1,2,212,Lost / Hibernating,Low Vol / Low Profit,6
SW-20455,Shaun Weien,Consumer,2024-06-22,2026-07-21,2024,162,759,2.08,7,18,417.36,2921.54,793.65,27.17,11.11,1404.96,2,4,4,244,Cant Lose Them,High Vol / High Profit,3
SW-20755,Steven Ward,Corporate,2023-11-02,2025-07-14,2023,534,620,1.7,2,27,379.35,758.7,68.24,8.99,10.0,446.65,1,1,1,111,Lost / Hibernating,Low Vol / Low Profit,8
SZ-20035,Sam Zeldin,Home Office,2023-09-07,2026-11-25,2023,35,1175,3.22,11,69,329.58,3625.33,366.43,10.11,22.0,1126.17,4,5,4,454,Champions,High Vol / High Profit,4
TA-21385,Tom Ashbrook,Home Office,2023-09-12,2026-10-22,2023,69,1136,3.11,4,36,3648.9,14595.62,4703.79,32.23,8.0,4689.61,3,2,5,325,Need Attention,High Vol / High Profit,1
TB-21055,Ted Butterfield,Consumer,2025-06-17,2026-09-02,2025,119,442,1.21,5,66,293.58,1467.88,390.21,26.58,5.56,1212.16,2,2,2,222,Lost / Hibernating,Low Vol / High Profit,4
TB-21175,Thomas Boland,Corporate,2023-12-08,2026-11-02,2023,58,1060,2.9,4,36,897.32,3589.3,829.16,23.1,9.09,1235.94,3,2,4,324,Need Attention,High Vol / High Profit,4
TB-21190,Thomas Brumley,Home Office,2023-12-27,2026-11-11,2023,49,1050,2.88,4,23,204.04,816.17,179.0,21.93,2.5,283.72,4,2,1,421,New Customers,Low Vol / Low Profit,9
TB-21250,Tim Brockman,Consumer,2023-12-08,2026-01-15,2023,349,769,2.11,7,74,228.91,1602.38,260.62,16.26,24.74,760.56,1,4,2,142,Need Attention,Low Vol / High Profit,6
TB-21280,Toby Braunhardt,Consumer,2023-06-21,2025-05-26,2023,583,705,1.93,6,35,366.41,2198.45,490.96,22.33,10.0,1138.2,1,3,3,133,At Risk,Low Vol / High Profit,4
TB-21355,Todd Boyes,Corporate,2025-01-25,2026-08-06,2025,146,558,1.53,5,44,166.87,834.33,268.97,32.24,6.15,545.75,2,2,1,221,Lost / Hibernating,Low Vol / High Profit,7
TB-21400,Tom Boeckenhauer,Consumer,2023-01-21,2026-06-11,2023,202,1237,3.39,7,55,1304.86,9133.99,2798.37,30.64,7.06,2695.15,2,4,5,245,Cant Lose Them,High Vol / High Profit,1
TB-21520,Tracy Blumstein,Consumer,2023-10-17,2026-09-14,2023,107,1063,2.91,9,85,526.39,4737.49,-1603.05,-33.84,26.5,1626.7,2,5,5,255,Cant Lose Them,High Vol / Low Profit,2
TB-21595,Troy Blackwell,Consumer,2023-02-18,2026-03-20,2023,285,1126,3.08,5,29,277.51,1387.56,-136.41,-9.83,27.14,449.79,1,2,2,122,Lost / Hibernating,Low Vol / Low Profit,8
TB-21625,Trudy Brown,Consumer,2023-08-06,2026-11-30,2023,30,1212,3.32,9,60,310.85,2797.67,379.88,13.58,14.0,842.53,4,5,4,454,Champions,High Vol / High Profit,6
TC-20980,Tamara Chand,Corporate,2023-11-07,2025-11-26,2023,399,750,2.05,5,42,3810.44,19052.22,8981.32,47.14,11.67,9272.08,1,2,5,125,Need Attention,High Vol / High Profit,1
TC-21145,Theresa Coyne,Corporate,2026-09-15,2026-09-15,2026,106,0,0.0,1,17,1038.26,1038.26,265.53,25.57,0.0,1038.26,2,1,2,212,Lost / Hibernating,Low Vol / High Profit,4
TC-21295,Toby Carlisle,Consumer,2023-10-14,2026-12-03,2023,27,1146,3.14,8,63,533.35,4266.81,606.37,14.21,13.12,1358.98,4,4,4,444,Champions,High Vol / High Profit,3
TC-21475,Tony Chapman,Home Office,2023-11-22,2026-07-30,2023,153,981,2.69,9,45,138.33,1244.98,119.1,9.57,26.36,463.22,2,5,2,252,Need Attention,Low Vol / Low Profit,8
TC-21535,Tracy Collins,Home Office,2023-11-03,2026-12-26,2023,4,1149,3.15,7,28,106.08,742.56,217.93,29.35,11.0,235.89,5,4,1,541,Need Attention,Low Vol / Low Profit,9
TD-20995,Tamara Dahlen,Consumer,2023-05-19,2026-11-23,2023,37,1284,3.52,9,67,159.39,1434.55,88.19,6.15,24.38,407.8,4,5,2,452,Need Attention,Low Vol / Low Profit,8
TG-21310,Toby Gnade,Consumer,2024-03-09,2026-01-27,2024,337,689,1.89,5,30,611.67,3058.37,682.17,22.31,21.11,1620.18,1,2,4,124,Need Attention,High Vol / High Profit,2
TG-21640,Trudy Glocke,Consumer,2023-03-31,2026-09-07,2023,114,1256,3.44,4,50,518.67,2074.66,365.72,17.63,13.0,602.91,2,2,3,223,Need Attention,Low Vol / High Profit,7
TH-21100,Thea Hendricks,Consumer,2023-09-27,2026-01-20,2023,344,846,2.32,5,29,484.56,2422.82,-135.21,-5.58,17.14,1045.31,1,3,3,133,At Risk,High Vol / Low Profit,4
TH-21115,Thea Hudgings,Corporate,2023-09-23,2026-11-02,2023,58,1136,3.11,4,29,735.69,2942.77,-252.55,-8.58,23.33,945.52,3,2,4,324,Need Attention,High Vol / Low Profit,5
TH-21235,Tiffany House,Corporate,2023-11-04,2026-09-04,2023,117,1035,2.84,8,40,127.78,1022.2,92.73,9.07,20.77,360.49,2,4,2,242,Need Attention,Low Vol / Low Profit,8
TH-21550,Tracy Hopkins,Home Office,2023-04-05,2026-10-19,2023,72,1293,3.54,7,44,604.87,4234.1,-571.97,-13.51,6.92,1195.24,3,4,4,344,Loyal Customers,High Vol / Low Profit,4
TM-21010,Tamara Manning,Consumer,2023-02-21,2026-09-18,2023,103,1305,3.58,8,67,369.4,2955.23,573.3,19.4,5.26,826.56,2,4,4,244,Cant Lose Them,High Vol / High Profit,6
TM-21490,Tony Molinari,Consumer,2026-03-30,2026-08-22,2026,130,145,0.4,3,12,364.89,1094.68,292.52,26.72,5.0,2755.57,2,1,2,212,Lost / Hibernating,Low Vol / High Profit,1
TN-21040,Tanja Norvell,Home Office,2023-10-10,2026-10-01,2023,90,1087,2.98,7,48,447.17,3130.22,-692.05,-22.11,20.0,1051.09,3,4,4,344,Loyal Customers,High Vol / Low Profit,4
TP-21130,Theone Pippenger,Consumer,2024-04-14,2026-12-22,2024,8,982,2.69,9,55,494.9,4454.06,1129.13,25.35,8.75,1655.53,5,5,5,555,Champions,High Vol / High Profit,2
TP-21415,Tom Prescott,Consumer,2024-11-28,2026-09-17,2024,104,658,1.8,5,39,1065.8,5329.0,-1087.39,-20.41,46.2,2956.06,2,3,5,235,At Risk,High Vol / Low Profit,1
TP-21565,Tracy Poddar,Corporate,2024-03-01,2026-01-14,2024,350,684,1.87,4,48,484.16,1936.64,139.23,7.19,24.0,1033.44,1,2,3,123,Need Attention,Low Vol / Low Profit,4
TR-21325,Toby Ritter,Consumer,2023-12-01,2026-06-20,2023,193,932,2.55,5,22,135.19,675.94,220.36,32.6,2.86,264.72,2,3,1,231,Need Attention,Low Vol / Low Profit,9
TS-21085,Thais Sissman,Consumer,2024-07-19,2026-01-07,2024,357,537,1.47,2,4,2.42,4.83,-3.32,-68.6,70.0,3.29,1,1,1,111,Lost / Hibernating,Low Vol / Low Profit,10
TS-21160,Theresa Swint,Corporate,2023-04-23,2025-08-13,2023,504,843,2.31,6,60,360.6,2163.62,260.87,12.06,22.35,936.8,1,3,3,133,At Risk,Low Vol / High Profit,5
TS-21205,Thomas Seio,Corporate,2023-03-21,2026-06-15,2023,198,1182,3.24,7,67,767.3,5371.09,862.89,16.07,15.79,1658.59,2,4,5,245,Cant Lose Them,High Vol / High Profit,2
TS-21340,Toby Swindell,Consumer,2023-01-19,2026-05-18,2023,226,1215,3.33,5,51,194.96,974.78,-184.98,-18.98,28.33,292.84,2,3,2,232,Need Attention,Low Vol / Low Profit,9
TS-21370,Todd Sumrall,Corporate,2023-10-28,2026-11-24,2023,36,1123,3.08,6,59,1981.96,11891.75,2371.71,19.94,11.67,3865.08,4,3,5,435,Potential Loyalists,High Vol / High Profit,1
TS-21430,Tom Stivers,Corporate,2023-07-30,2026-07-11,2023,172,1077,2.95,5,31,410.83,2054.14,48.7,2.37,15.71,696.16,2,3,3,233,At Risk,Low Vol / Low Profit,6
TS-21505,Tony Sayre,Consumer,2023-12-20,2026-12-19,2023,11,1095,3.0,6,54,373.88,2243.27,11.38,0.51,19.29,747.76,5,3,3,533,Potential Loyalists,Low Vol / Low Profit,6
TS-21610,Troy Staebel,Consumer,2023-08-16,2026-11-05,2023,55,1177,3.22,7,44,402.92,2820.42,-294.7,-10.45,37.27,874.64,3,4,4,344,Loyal Customers,High Vol / Low Profit,5
TS-21655,Trudy Schmidt,Consumer,2024-02-06,2026-05-06,2024,238,820,2.25,5,52,673.62,3368.09,220.92,6.56,19.29,1499.21,1,3,4,134,At Risk,High Vol / Low Profit,3
TT-21070,Ted Trevino,Consumer,2023-05-18,2026-11-29,2023,31,1291,3.54,7,66,702.23,4915.6,751.96,15.3,11.43,1389.77,4,4,5,445,Champions,High Vol / High Profit,3
TT-21220,Thomas Thornton,Consumer,2023-09-23,2026-06-30,2023,183,1011,2.77,8,55,178.38,1427.04,278.74,19.53,21.33,515.2,2,4,2,242,Need Attention,Low Vol / High Profit,7
TT-21265,Tim Taslimi,Corporate,2024-08-15,2025-11-19,2024,406,461,1.26,3,8,146.5,439.5,93.92,21.37,0.0,347.98,1,1,1,111,Lost / Hibernating,Low Vol / Low Profit,9
TT-21460,Tonja Turnell,Home Office,2024-12-08,2026-12-18,2024,12,740,2.03,7,48,766.4,5364.81,1124.5,20.96,12.86,2646.16,5,4,5,545,Champions,High Vol / High Profit,1
TW-21025,Tamara Willingham,Home Office,2023-12-22,2026-10-27,2023,64,1040,2.85,7,57,754.12,5278.83,737.39,13.97,10.0,1852.66,3,4,5,345,Loyal Customers,High Vol / High Profit,2
TZ-21580,Tracy Zic,Consumer,2023-11-11,2026-12-04,2023,26,1119,3.07,8,69,279.37,2234.95,349.45,15.64,5.29,729.01,5,4,3,543,Loyal Customers,Low Vol / High Profit,6
VB-21745,Victoria Brennan,Corporate,2024-07-17,2026-11-06,2024,54,842,2.31,6,37,334.27,2005.6,371.24,18.51,17.0,869.41,3,3,3,333,Need Attention,Low Vol / High Profit,5
VD-21670,Valerie Dominguez,Consumer,2023-08-04,2025-05-28,2023,581,663,1.82,6,71,1073.71,6442.25,1617.79,25.11,7.5,3546.64,1,3,5,135,At Risk,High Vol / High Profit,1
VF-21715,Vicky Freymann,Home Office,2023-03-01,2026-12-17,2023,13,1387,3.8,5,35,169.59,847.94,-96.28,-11.35,6.36,223.14,5,3,1,531,Need Attention,Low Vol / Low Profit,9
VG-21790,Vivek Gonzalez,Consumer,2023-08-08,2026-07-29,2023,154,1086,2.98,6,32,141.0,846.01,143.63,16.98,7.5,284.34,2,3,1,231,Need Attention,Low Vol / Low Profit,9
VG-21805,Vivek Grady,Corporate,2023-09-22,2026-03-19,2023,286,909,2.49,5,16,85.47,427.37,-52.33,-12.25,10.0,171.61,1,3,1,131,Need Attention,Low Vol / Low Profit,10
VM-21685,Valerie Mitchum,Home Office,2023-04-07,2026-11-06,2023,54,1309,3.59,7,37,350.7,2454.87,513.53,20.92,10.0,684.51,3,4,3,343,Loyal Customers,High Vol / High Profit,6
VM-21835,Vivian Mathis,Consumer,2023-03-22,2026-09-04,2023,117,1262,3.46,5,25,76.14,380.69,116.64,30.64,11.25,110.1,2,3,1,231,Need Attention,Low Vol / Low Profit,10
VP-21730,Victor Preis,Home Office,2024-07-05,2026-11-30,2024,30,878,2.41,3,18,331.3,993.9,205.39,20.66,4.0,413.18,4,1,2,412,New Customers,Low Vol / Low Profit,8
VP-21760,Victoria Pisteka,Corporate,2023-09-06,2026-10-16,2023,75,1136,3.11,7,65,480.08,3360.53,-1018.78,-30.32,17.14,1079.75,3,4,4,344,Loyal Customers,High Vol / Low Profit,4
VS-21820,Vivek Sundaresam,Consumer,2023-01-07,2026-05-23,2023,221,1232,3.38,4,38,264.0,1055.98,-262.81,-24.89,47.5,312.85,2,2,2,222,Lost / Hibernating,Low Vol / Low Profit,9
VT-21700,Valerie Takahito,Home Office,2023-06-06,2024-04-05,2023,999,304,0.83,2,42,868.3,1736.6,-224.09,-12.9,33.33,2085.06,1,1,2,112,Lost / Hibernating,Low Vol / Low Profit,2
VW-21775,Victoria Wilson,Corporate,2023-05-11,2026-12-02,2023,28,1301,3.56,10,77,613.4,6134.04,-874.66,-14.26,16.11,1720.93,4,5,5,455,Champions,High Vol / Low Profit,2
WB-21850,William Brown,Consumer,2023-11-04,2026-12-10,2023,20,1132,3.1,13,154,486.71,6327.27,692.39,10.94,22.93,2040.15,5,5,5,555,Champions,High Vol / High Profit,2
XP-21865,Xylona Preis,Consumer,2023-01-20,2026-11-17,2023,43,1397,3.83,13,121,192.55,2503.16,675.96,27.0,4.41,654.01,4,5,3,453,Loyal Customers,High Vol / High Profit,7
YC-21895,Yoseph Carroll,Corporate,2023-11-17,2026-12-26,2023,4,1135,3.11,5,31,1090.87,5454.35,1305.63,23.94,7.5,1754.04,5,3,5,535,Potential Loyalists,High Vol / High Profit,2
YS-21880,Yana Sorensen,Corporate,2024-01-12,2026-12-21,2024,9,1074,2.94,8,58,840.06,6720.44,1778.29,26.46,5.0,2283.95,5,4,5,545,Champions,High Vol / High Profit,1
ZC-21910,Zuschuss Carroll,Consumer,2023-10-13,2026-11-06,2023,54,1120,3.07,13,105,617.36,8025.71,-1032.15,-12.86,25.48,2615.52,3,5,5,355,Loyal Customers,High Vol / Low Profit,1
ZD-21925,Zuschuss Donatelli,Consumer,2023-08-27,2026-06-11,2023,202,1019,2.79,5,32,298.79,1493.94,249.13,16.68,11.11,535.12,2,3,2,232,Need Attention,Low Vol / High Profit,7
